<?xml version="1.0"?>
<COLLADA xmlns="http://www.collada.org/2005/11/COLLADASchema" version="1.4.1">
	<asset>
		<contributor>
			<author>Assimp</author>
			<authoring_tool>Assimp Exporter</authoring_tool>
		</contributor>
		<created>2026-04-30T15:15:24</created>
		<modified>2026-04-30T15:15:24</modified>
		<unit name="meter" meter="0.010000" />
		<up_axis>Y_UP</up_axis>
	</asset>
	<library_effects>
		<effect id="DefaultMaterial-fx" name="DefaultMaterial">
			<profile_COMMON>
				<technique sid="standard">
					<phong>
						<diffuse>
							<color sid="diffuse">0.500000   0.500000   0.500000   1.000000</color>
						</diffuse>
					</phong>
				</technique>
			</profile_COMMON>
		</effect>
	</library_effects>
	<library_materials>
		<material id="DefaultMaterial" name="DefaultMaterial">
			<instance_effect url="#DefaultMaterial-fx"/>
		</material>
	</library_materials>
	<library_geometries>
		<geometry id="meshId0" name="meshId0_name" >
			<mesh>
				<source id="meshId0-positions" name="meshId0-positions">
					<float_array id="meshId0-positions-array" count="3348"> 
						-0.165226 0.158374 -0.514326 -0.176480 0.170895 -0.379061 -0.130204 0.228854 -0.412311 -0.476767 -0.064113 -0.404763 -0.440592 -0.051915 -0.454286 -0.446303 -0.066306 -0.438387 -0.405389 -0.115589 -0.454431 0.204350 -0.563665 0.026243 0.070814 -0.662803 -0.011873 0.162083 -0.545515 -0.038191 -0.717157 -0.503063 0.055309 -0.755197 -0.378863 0.052628 -0.758881 -0.474027 0.051793 -0.673268 0.042053 -0.116602 -0.607140 0.147488 -0.087109 -0.590897 0.048761 -0.133667 -0.004172 -0.298190 0.347282 0.092637 -0.279407 0.319738 -0.034343 -0.249060 0.302122 0.642877 0.273093 0.250822 0.455492 0.324230 0.144847 0.454832 0.263535 0.219191 0.824594 0.367797 0.057679 0.872817 0.283422 0.101184 0.856326 0.294868 0.030213 0.153008 -0.585356 0.148384 0.067728 -0.625463 0.198600 0.008641 -0.637888 0.085119 -0.476593 -0.597232 -0.172260 -0.573041 -0.617416 -0.095641 -0.542020 -0.546443 -0.143501 0.080186 -0.423325 -0.687709 0.009864 -0.476601 -0.621282 -0.002935 -0.413627 -0.649027 0.093488 0.200827 -0.814784 0.188924 0.240241 -0.814870 0.095288 0.123368 -0.821957 0.115981 -0.421273 0.306872 -0.005121 -0.480103 0.326294 0.177777 -0.483181 0.220679 0.800040 0.031647 0.134633 0.715867 -0.074317 0.129843 0.770349 0.040973 0.019340 -0.363568 -0.595532 -0.363071 -0.482915 -0.499698 -0.370892 -0.371443 -0.528177 -0.432518 0.058397 -0.682946 -0.352623 0.058189 -0.651962 -0.280229 -0.016672 -0.678385 -0.282201 0.172516 0.336514 -0.785933 0.100558 0.310815 -0.757192 0.162582 0.351873 -0.675588 0.668315 0.257125 -0.454206 0.647664 0.254016 -0.405132 0.670289 0.107464 -0.414706 0.038014 0.242858 0.090106 -0.069371 0.272485 0.064530 0.001940 0.233585 0.142757 0.388579 0.433169 -0.667458 0.274954 0.389784 -0.740685 0.275195 0.412559 -0.650175 -0.653532 -0.202398 0.177156 -0.666128 -0.352149 0.160390 -0.605268 -0.263225 0.208393 
						-0.470278 -0.799164 0.031351 -0.323758 -0.784360 0.052338 -0.426208 -0.789082 0.130023 0.480299 0.585802 -0.365770 0.303890 0.429951 -0.469483 0.311264 0.534211 -0.375557 -0.170533 0.282780 -0.306433 -0.125059 0.258185 -0.330860 0.478824 0.637127 -0.096827 0.637398 0.535647 -0.107167 0.490521 0.559036 -0.147616 0.603048 0.392484 -0.215471 0.646062 0.445040 -0.135703 0.685720 0.299758 -0.156135 -0.534670 0.090429 0.007745 -0.612171 0.035249 -0.017381 -0.517421 0.066506 0.086174 -0.542202 -0.097304 0.165039 -0.629266 -0.088887 0.135991 -0.558281 -0.184029 0.212076 -0.416541 -0.439952 -0.444719 -0.547844 -0.425224 -0.392265 -0.446718 -0.351506 -0.471079 -0.159480 -0.386827 -0.587658 -0.182186 -0.424059 -0.543781 -0.247117 -0.316042 -0.517518 -0.302978 0.212311 -0.216445 -0.224592 0.295579 -0.184434 -0.171183 0.335123 -0.229220 0.280141 0.467616 -0.085703 0.278078 0.549168 -0.091390 0.177057 0.528155 -0.095901 -0.257067 0.074892 -0.465659 -0.271390 0.107131 -0.385199 -0.226085 0.143886 -0.469693 0.028583 0.167201 -0.834662 0.037170 0.100460 -0.868601 -0.693324 -0.133922 -0.226945 -0.844270 -0.256367 -0.201238 -0.782342 -0.155800 -0.193983 -0.597970 -0.263834 -0.424752 -0.612004 -0.158100 -0.367606 -0.549168 -0.180513 -0.428103 0.091111 0.340402 0.011078 0.044971 0.417232 -0.086716 -0.117709 0.352571 -0.050014 -0.224592 0.295579 -0.184434 -0.376184 0.190417 -0.195734 -0.417621 0.238062 -0.153909 -0.075534 -0.470869 -0.613859 -0.093704 -0.531677 -0.534959 -0.165934 -0.470192 -0.559626 -0.140574 -0.739417 -0.377548 -0.147528 -0.719551 -0.320161 -0.183118 -0.667016 -0.423650 0.408638 -0.224997 -0.617684 0.361467 -0.220136 -0.667718 0.425419 -0.133629 -0.659695 0.229204 -0.454109 -0.658823 0.288160 -0.466705 -0.596692 0.171252 -0.519605 -0.640956 -0.646996 0.006150 0.059097 -0.683027 -0.055685 -0.181949 -0.745389 -0.073009 -0.122190 
						-0.583922 0.018648 -0.176111 0.242615 -0.599197 -0.499170 0.184775 -0.577114 -0.574318 0.656190 0.127484 -0.327388 -0.419780 -0.575420 0.303695 -0.547463 -0.512108 0.292810 -0.480283 -0.632288 0.280663 0.077552 -0.396013 0.334865 -0.013789 -0.418025 0.325356 0.424169 0.483277 -0.742873 0.442985 0.059678 -0.702301 0.376426 0.030164 -0.743110 0.277400 0.141751 -0.804822 0.762694 -0.009734 0.174851 0.760580 -0.022595 0.253170 0.668204 -0.164169 0.232522 0.728418 0.285267 0.244939 0.727351 0.273771 0.135841 0.725858 0.326206 0.161098 0.098445 0.144389 0.198841 0.074699 0.206108 0.142231 -0.036804 0.128137 0.201503 -0.333524 -0.021597 0.192897 -0.390487 -0.115020 0.207350 -0.303182 -0.138219 0.216731 0.360430 0.644642 -0.224716 0.470340 0.542155 -0.201231 0.492272 0.524447 -0.313682 0.574198 0.438424 -0.301146 0.648931 0.292236 -0.249474 0.531964 0.348174 -0.745378 0.579572 0.220964 -0.739097 0.474707 0.213925 -0.780490 0.681744 0.180958 -0.533810 0.628391 0.084835 -0.571595 0.676366 0.213302 -0.601388 0.519895 -0.120743 -0.426534 0.538494 -0.160862 -0.465615 0.646291 0.003509 -0.436843 0.539219 -0.140415 -0.528295 0.451089 -0.227225 -0.541424 -0.731363 -0.337674 0.089231 -0.726069 -0.431570 0.120228 -0.515186 -0.745077 0.167692 -0.566247 -0.780071 0.095085 0.560400 -0.210463 0.256429 0.655324 -0.166633 0.288886 0.629934 -0.106048 0.314721 0.552705 0.050578 0.299297 0.368315 0.091828 0.253823 0.427216 0.036941 0.252242 -0.127210 0.119414 -0.716131 -0.000174 0.224648 -0.750878 -0.062535 0.138181 -0.766876 -0.323124 -0.107489 -0.541510 -0.404133 -0.053544 -0.458244 0.323835 -0.171925 0.165138 0.354426 -0.245494 0.220660 0.341737 -0.324558 0.215634 0.130722 -0.602482 0.111310 0.588138 -0.159195 0.094584 0.592919 -0.212226 0.202062 0.544950 -0.227875 0.048470 0.560400 -0.210463 0.256429 
						0.506093 -0.243011 0.133960 0.498942 0.480206 -0.003197 0.501233 0.593955 -0.009716 0.441533 0.588278 -0.056283 0.824594 0.367797 0.057679 0.815219 0.346723 0.111082 0.872817 0.283422 0.101184 -0.107819 0.142572 -0.628825 0.079302 0.256824 -0.689444 0.076407 0.285507 -0.637522 0.464675 -0.123655 -0.016145 0.567442 -0.167449 0.017963 0.476570 -0.211682 -0.005042 0.602149 -0.060758 -0.313761 0.557572 -0.054964 -0.299217 0.524574 -0.102755 -0.356770 0.406874 -0.258317 -0.101941 0.460250 -0.256580 -0.460849 0.497133 -0.160565 -0.388279 0.429091 -0.297592 -0.367705 -0.067357 0.215014 -0.441735 -0.094646 0.259272 -0.371130 0.026022 0.163226 -0.389447 -0.027499 0.438524 -0.292235 -0.079050 0.308017 -0.338795 -0.054141 0.441802 -0.220783 -0.001004 -0.662993 -0.204499 -0.003176 -0.702667 -0.141413 0.031338 -0.664320 0.047802 -0.267373 -0.712495 -0.196077 -0.269604 -0.793126 -0.148710 -0.356586 -0.750142 -0.123663 -0.520975 -0.683787 -0.071801 0.309483 -0.337354 -0.138676 0.305394 -0.424290 -0.009278 0.224798 -0.478608 -0.081222 0.299585 -0.394495 -0.328566 0.233523 -0.409973 -0.365694 0.296952 -0.414781 -0.419753 0.309483 -0.337354 -0.138676 0.224798 -0.478608 -0.081222 0.189296 -0.367528 -0.158500 0.192298 -0.504193 -0.354895 0.282801 -0.470725 -0.469700 0.130742 -0.431474 -0.216956 0.107291 -0.548100 -0.206728 0.135146 -0.528040 -0.280827 0.123164 -0.566161 -0.172854 0.031634 0.188478 -0.357459 -0.079050 0.308017 -0.338795 0.048529 0.266890 -0.350783 0.080555 0.211629 -0.480887 0.008140 0.200799 -0.487727 0.124708 0.136654 -0.364632 0.137290 0.212543 -0.420104 0.520033 0.541324 -0.427070 0.406673 0.458506 -0.499457 0.563821 0.001913 -0.590020 0.546688 0.073649 -0.676347 0.556348 0.165027 -0.688415 0.524534 0.141881 -0.737715 -0.257067 0.074892 -0.465659 -0.334843 0.065288 -0.382291 -0.271390 0.107131 -0.385199 
						-0.571502 -0.073512 -0.246132 -0.583922 0.018648 -0.176111 -0.456938 -0.035310 -0.240202 0.314613 -0.069948 -0.837273 0.337121 -0.000537 -0.761851 0.409301 -0.103661 -0.781748 0.221444 0.001313 -0.684025 0.087783 0.005118 -0.849395 0.210669 0.030791 -0.778910 0.201203 -0.036084 -0.693208 0.191613 -0.113823 -0.780046 0.125355 -0.045525 -0.796412 0.266866 0.002508 -0.782869 0.233286 -0.062547 -0.730531 0.374975 -0.272215 -0.576493 0.275046 -0.258807 -0.689608 -0.543527 -0.061211 -0.295596 -0.366504 0.031245 -0.288790 -0.380864 -0.024549 -0.141792 -0.442211 0.105667 -0.163554 -0.296483 -0.615323 0.295739 -0.386968 -0.639546 0.276601 -0.376775 -0.660118 0.239333 0.180134 -0.553187 0.218103 -0.005121 -0.480103 0.326294 0.027388 -0.577896 0.272576 0.363238 -0.396226 -0.550382 0.270681 -0.334918 -0.616044 0.394907 -0.345679 -0.413965 0.399333 -0.340025 -0.500295 -0.210552 0.214856 -0.300151 -0.372790 0.131488 -0.221705 0.372673 0.291231 -0.599182 0.482338 0.284461 -0.636499 0.519106 0.337637 -0.646098 0.560781 0.515093 -0.510926 0.579914 0.432773 -0.475449 0.607423 0.453587 -0.538653 0.517446 0.264167 -0.556847 0.449937 0.253814 -0.603585 0.381019 0.277224 -0.571337 0.479243 0.332590 -0.555550 0.636567 0.477830 -0.580303 0.664039 0.327363 0.231183 0.733578 0.607409 0.025639 0.673340 0.579540 0.034077 0.721815 0.499944 0.053746 0.739132 0.195124 -0.443974 0.689610 0.134477 -0.442255 0.674503 -0.041416 0.069764 0.691789 -0.014431 -0.021734 0.601421 -0.007037 -0.243483 0.589825 -0.030935 -0.175820 0.497848 -0.112027 -0.215285 0.497848 -0.112027 -0.215285 0.407901 -0.106297 -0.148742 0.403567 -0.222100 -0.212123 0.562824 -0.091928 -0.154092 0.352428 0.695330 -0.151850 0.195426 0.618589 -0.121732 -0.671616 -0.602116 0.009931 -0.725386 -0.516951 -0.075811 -0.836335 -0.163060 -0.111800 -0.865600 -0.285372 -0.104558 
						0.143192 0.399937 -0.043214 0.498942 0.480206 -0.003197 0.441533 0.588278 -0.056283 0.440359 0.457805 -0.106371 0.504096 0.431947 0.036937 0.403312 0.392304 -0.080299 0.417041 0.386392 0.000133 0.591366 0.342284 0.124982 0.504096 0.431947 0.036937 0.478336 0.347241 0.076286 -0.798823 -0.446118 0.020300 -0.796036 -0.399576 -0.092855 -0.460691 -0.490827 -0.424140 0.343009 0.373170 0.022159 0.351328 0.417787 -0.115012 0.270931 0.433211 -0.026084 0.278078 0.549168 -0.091390 0.280141 0.467616 -0.085703 -0.444656 -0.600882 -0.246455 -0.510217 -0.535225 -0.192345 -0.521188 -0.539151 -0.252101 -0.638009 -0.386278 -0.376141 -0.635481 -0.412417 -0.332324 -0.659531 -0.331797 -0.226475 0.641712 0.261538 0.277686 0.549397 0.204668 0.269328 0.592436 0.145744 0.314917 0.769371 0.134083 0.220654 0.777980 0.211499 0.296591 0.709615 0.158096 0.321491 -0.755722 -0.002031 -0.038076 -0.830170 -0.008314 0.026232 -0.759113 -0.026456 0.028124 -0.870407 -0.120962 0.022134 -0.882486 -0.196877 -0.032340 -0.890355 -0.193042 0.071850 0.819388 0.248623 0.272748 0.735637 0.247171 0.168842 0.801542 0.249053 0.118287 0.839470 0.258949 0.034333 0.835629 0.134053 0.044849 0.864386 0.244625 0.166803 -0.643775 -0.497745 0.262768 -0.726069 -0.431570 0.120228 -0.665446 -0.546559 0.203078 -0.694938 -0.529703 0.131582 0.842157 0.186557 0.290534 0.835629 0.134053 0.044849 -0.328817 -0.233665 0.219645 -0.406511 -0.252746 0.252272 -0.661775 -0.398191 0.202635 -0.666786 -0.265780 -0.375879 -0.720737 -0.247305 -0.287299 -0.647034 -0.332952 -0.372927 0.229300 -0.164846 -0.839389 0.362258 -0.193099 -0.818619 0.213172 -0.260147 -0.789658 0.085239 -0.201413 -0.775659 -0.653004 -0.445262 -0.278987 -0.707711 -0.443627 -0.190956 -0.639588 -0.401665 -0.188719 -0.801484 -0.355261 -0.183822 0.598447 0.384624 -0.672553 0.602177 0.317187 -0.677610 
						0.584369 0.513954 -0.598006 0.520640 0.498265 -0.479960 0.093398 -0.104930 -0.824828 0.023077 -0.133821 -0.781346 -0.001896 -0.036565 -0.825332 -0.293183 -0.040654 -0.626564 -0.244836 -0.097183 -0.655814 -0.250016 -0.176300 -0.645279 -0.633739 -0.692221 -0.001991 -0.639669 -0.612939 -0.060563 0.477238 -0.212725 0.180958 0.494895 -0.205648 0.249496 0.393429 -0.347993 0.142887 0.400573 -0.201917 0.140916 0.460256 -0.294238 0.122795 0.393862 -0.310898 -0.037592 0.476570 -0.211682 -0.005042 0.376865 -0.383513 0.001556 0.300557 -0.473874 0.185321 0.322668 -0.431457 0.147480 0.362454 -0.402479 0.215934 0.253716 -0.388320 0.246103 0.194142 -0.337323 0.332456 0.233707 -0.477606 0.213449 -0.279987 -0.226432 -0.500499 -0.435516 -0.268297 -0.488157 -0.463207 -0.488839 0.295087 -0.446185 -0.435048 0.305195 -0.552458 -0.449825 0.270554 -0.547463 -0.512108 0.292810 -0.032365 -0.037575 0.232568 -0.112194 0.045933 0.208187 -0.099400 -0.057444 0.208065 -0.020973 -0.132719 0.267251 -0.063679 -0.080681 0.250472 -0.129184 -0.175120 0.253060 -0.179282 -0.416532 -0.465436 -0.247117 -0.316042 -0.517518 -0.182186 -0.424059 -0.543781 -0.123409 -0.662529 -0.508250 -0.187111 -0.575481 -0.479616 0.032196 -0.044662 0.244335 0.059770 -0.192733 0.284915 0.335997 0.002682 0.239895 0.402716 -0.082004 0.293947 -0.244444 -0.397415 -0.332518 -0.332969 -0.413971 -0.413985 -0.290357 -0.307752 -0.486480 -0.198908 -0.482442 -0.371359 -0.213612 -0.541425 -0.452091 -0.317891 -0.544477 -0.414501 0.161494 0.233924 0.141375 0.187809 0.200892 0.205504 0.312131 -0.031202 0.252440 0.249153 0.104306 0.272537 0.206939 0.027345 0.244939 -0.317891 -0.544477 -0.414501 -0.377388 -0.479623 -0.423678 -0.296363 -0.450226 -0.354796 0.352424 -0.126071 0.309598 0.259776 -0.072342 0.242413 0.271334 -0.219400 0.350326 0.390552 -0.237927 0.287857 0.337384 -0.319290 0.305022 
						-0.617169 -0.486143 -0.181968 -0.612600 -0.500499 -0.261045 -0.616908 -0.584685 -0.116782 -0.623166 -0.504243 -0.130342 0.460256 -0.294238 0.122795 0.437842 -0.285383 0.056939 -0.254586 -0.746511 0.166228 -0.374873 -0.784670 0.168587 -0.186182 -0.614714 0.217508 -0.199605 -0.577111 0.323062 -0.218209 -0.678197 0.220915 0.410040 0.610850 -0.303851 0.549783 0.406656 -0.441126 0.538242 0.360642 -0.383656 0.618144 0.233647 -0.266859 0.726002 0.088099 -0.191552 0.795078 0.135859 -0.036920 0.668564 0.046646 -0.150868 0.351039 0.219502 -0.813376 0.349910 0.349206 -0.833453 0.288278 0.319918 -0.866397 0.248994 0.414955 -0.837909 -0.172898 -0.710521 -0.255988 -0.223465 -0.780215 -0.200660 -0.227190 -0.703305 -0.257971 -0.253419 -0.651009 -0.350645 0.744383 0.402147 0.119602 0.646061 0.438770 0.081608 -0.008296 -0.745830 -0.348265 -0.068647 -0.718332 -0.314061 -0.047086 -0.649087 -0.547208 0.122953 0.447235 -0.387931 0.059833 0.511917 -0.271203 0.176803 0.536141 -0.364336 0.049324 0.522709 -0.130571 0.164723 0.669317 -0.170927 0.095237 0.572864 -0.188389 -0.723078 -0.288955 -0.236476 -0.793574 -0.277368 -0.259868 0.640487 0.483274 -0.084168 0.714227 0.408811 -0.066743 0.770446 0.499023 0.049424 0.753736 0.484766 -0.057134 0.733578 0.607409 0.025639 0.646736 0.031318 -0.531957 0.538494 -0.160862 -0.465615 0.587862 -0.108875 -0.495277 -0.118805 -0.586984 0.300588 -0.116487 -0.618939 0.234953 -0.025865 -0.658558 0.299993 0.061541 -0.631997 0.264886 -0.137051 -0.633009 0.182502 -0.105045 -0.684408 0.150624 0.001276 -0.665265 0.226005 -0.268769 -0.254639 -0.564910 -0.177250 -0.118869 -0.684002 -0.095970 -0.176286 -0.730481 -0.105233 -0.215385 -0.660457 0.331423 0.246094 0.183379 0.278282 0.285375 0.134390 0.082217 0.295884 0.049145 -0.152575 0.263176 0.096003 -0.268595 0.245925 0.027499 -0.302097 0.212299 0.080021 
						-0.441563 -0.064830 0.197420 -0.481072 -0.076355 0.155874 -0.523689 -0.139460 0.161078 0.228187 -0.535421 -0.392089 0.128728 -0.598964 -0.325368 -0.232184 0.130081 0.135498 -0.324950 0.123532 0.119943 -0.334326 0.053004 0.147353 -0.253958 -0.062507 0.208655 -0.234927 0.003104 0.119960 0.135146 -0.528040 -0.280827 0.107291 -0.548100 -0.206728 -0.245366 0.057363 0.108640 -0.182853 0.047354 0.135203 -0.172313 -0.038865 0.198543 0.365003 -0.157997 -0.820030 0.305665 -0.119969 -0.850022 -0.124788 0.092111 0.220644 0.369482 -0.167616 -0.722408 -0.061928 -0.357688 0.341602 -0.103738 -0.538616 0.328151 -0.103738 -0.538616 0.328151 -0.006101 -0.562457 0.309751 0.037864 -0.679397 -0.515538 0.094326 -0.630125 -0.558687 0.093247 -0.717076 -0.510163 0.172366 -0.599996 -0.536213 0.204923 -0.647094 -0.513920 0.745519 0.076901 0.223448 0.708652 0.053601 0.299219 0.758079 -0.031781 0.312974 0.640676 0.009111 0.345927 0.537436 -0.048892 0.331815 -0.009533 -0.219361 -0.718302 -0.002447 -0.249426 -0.618214 -0.105233 -0.215385 -0.660457 0.121590 -0.348490 -0.744460 0.044414 -0.359037 -0.694685 0.057780 -0.279607 -0.748472 -0.189034 -0.256975 0.253326 -0.227433 -0.327270 0.199228 -0.210625 -0.373483 0.309313 -0.256181 -0.534362 0.321674 -0.139656 -0.366185 0.325752 -0.285582 -0.457063 0.331601 -0.099271 -0.364239 -0.614077 -0.161235 -0.292398 -0.630347 -0.034352 -0.279029 -0.586004 0.057780 -0.279607 -0.748472 0.044414 -0.359037 -0.694685 0.025460 -0.300995 -0.610723 -0.328817 -0.233665 0.219645 -0.406511 -0.252746 0.252272 -0.294541 -0.311530 0.177134 -0.260870 -0.378131 0.216824 -0.298924 -0.400769 0.316418 -0.009859 -0.330330 -0.593831 -0.002935 -0.413627 -0.649027 -0.299559 -0.358384 0.197959 -0.403632 -0.346337 0.261686 -0.364173 -0.416841 0.301051 -0.403632 -0.346337 0.261686 -0.493424 -0.379606 0.270855 0.598447 0.384624 -0.672553 
						0.613146 0.453040 -0.617294 0.596676 0.480640 -0.675044 -0.363471 -0.367532 -0.482915 -0.483930 -0.119881 -0.436492 -0.290357 -0.307752 -0.486480 -0.172431 0.338228 -0.068699 -0.236414 0.332052 -0.119401 -0.253939 0.302395 -0.016372 -0.151741 0.270974 0.021942 -0.237780 0.048286 -0.542015 -0.042816 0.213283 -0.543019 -0.038298 0.429066 -0.140130 -0.120077 0.359937 -0.157130 -0.032286 0.473407 -0.137082 -0.120077 0.359937 -0.157130 -0.038214 0.090954 -0.833561 -0.000199 0.219083 -0.818639 -0.085261 -0.100269 -0.742220 -0.128842 0.000418 -0.749596 0.619868 0.149245 -0.643058 0.201095 0.383698 -0.469812 0.115381 0.382905 -0.442975 0.119318 0.336173 -0.526719 0.384654 -0.182166 0.311189 0.466518 -0.104565 0.344987 0.508009 -0.175323 0.302516 -0.058533 -0.732248 -0.471690 0.461520 0.402622 -0.804069 0.715677 0.349636 -0.106854 0.787679 0.359477 -0.050234 0.754810 0.220908 -0.062362 0.735856 0.194569 -0.127929 -0.561956 -0.729245 -0.053884 0.197465 0.318932 -0.874261 0.117175 0.303182 -0.850559 -0.248606 -0.181310 0.234491 -0.248606 -0.181310 0.234491 -0.293318 -0.709315 0.247311 -0.215289 0.201673 0.113646 -0.091675 0.233523 0.122970 0.438026 0.668048 -0.083835 0.352428 0.695330 -0.151850 0.276039 0.688579 -0.121754 0.181685 0.588656 -0.187620 0.334091 0.600872 -0.075960 -0.630940 -0.667322 0.148540 -0.648168 -0.609879 0.101316 -0.614381 -0.718218 0.076532 -0.497757 -0.680368 0.235073 -0.607564 -0.727479 0.168590 0.057046 0.243830 -0.834948 0.087313 0.261643 -0.791905 0.377909 -0.154502 -0.107748 0.337611 -0.323221 -0.194096 0.219852 -0.329998 -0.215548 0.474175 -0.101107 -0.316970 0.463429 -0.172095 -0.334080 0.483738 -0.174646 -0.291871 0.405834 -0.249861 -0.338762 0.283090 0.197910 0.192664 0.322459 0.092958 0.244630 0.162204 0.049904 -0.835685 0.084022 0.041577 -0.865705 -0.708729 -0.111307 0.091850 
						-0.823857 -0.082756 0.040670 -0.780389 -0.114830 0.095731 -0.323124 -0.107489 -0.541510 -0.404133 -0.053544 -0.458244 -0.291370 0.015045 -0.592727 -0.095961 0.180023 -0.593183 0.278304 -0.236219 -0.773485 0.470931 -0.078825 -0.069195 -0.501374 0.235464 -0.025027 -0.341231 0.281690 -0.108212 -0.471664 0.198096 0.034320 -0.522161 0.195278 -0.043655 0.495038 0.544614 -0.391783 0.542422 0.432976 -0.331447 0.600879 0.290362 -0.346587 0.105093 -0.254952 0.337791 0.175374 -0.205410 0.281103 0.112147 -0.109880 0.219179 0.629696 0.214615 -0.373025 0.605205 0.298050 -0.411394 0.299585 -0.394495 -0.328566 0.300765 -0.340219 -0.286306 0.216952 -0.367392 -0.303108 -0.078660 -0.796088 -0.093892 -0.187009 -0.800128 -0.088083 -0.225563 -0.860583 -0.113225 -0.135137 -0.798153 -0.213146 -0.094039 -0.798803 -0.170084 -0.210986 -0.863378 -0.150930 0.334091 0.600872 -0.075960 0.380199 0.503388 -0.132466 -0.192035 -0.555833 -0.513135 0.155965 -0.003064 0.251664 0.224380 -0.104481 0.267031 0.212195 -0.321825 -0.732889 0.113979 -0.259734 -0.774472 -0.547060 0.104504 -0.145141 -0.199605 -0.577111 0.323062 -0.256181 -0.534362 0.321674 -0.253643 -0.781035 -0.094774 -0.354633 -0.767020 -0.068766 0.701099 0.045740 -0.029516 0.872817 0.283422 0.101184 0.907990 0.200391 0.232457 0.911802 0.166953 0.181240 -0.399964 0.008552 -0.397425 -0.516673 -0.125721 -0.386016 -0.543527 -0.061211 -0.295596 0.640289 0.249444 -0.553381 0.728306 0.238133 -0.496367 0.640192 0.280645 -0.538801 0.634102 0.313475 -0.479776 0.612738 0.367007 -0.426790 0.592208 0.295895 -0.529566 0.593411 0.397136 -0.515186 0.134395 -0.521038 -0.135741 0.403567 -0.222100 -0.212123 0.406874 -0.258317 -0.101941 0.382458 -0.300910 -0.219901 0.403567 -0.222100 -0.212123 -0.309981 0.115284 -0.319005 -0.334843 0.065288 -0.382291 -0.355770 0.111566 -0.292860 0.394907 -0.345679 -0.413965 
						0.300765 -0.340219 -0.286306 0.299585 -0.394495 -0.328566 0.830148 0.077529 0.200548 0.745519 0.076901 0.223448 0.867521 0.146870 0.252921 0.769371 0.134083 0.220654 -0.400598 0.014934 0.189992 -0.419509 0.051566 0.149050 -0.528748 -0.029427 0.126427 -0.465345 0.098323 0.129922 -0.266919 -0.652257 -0.424572 -0.321607 -0.640580 -0.341137 -0.318401 -0.597242 -0.413542 0.770446 0.499023 0.049424 0.820768 0.453653 0.112804 0.230325 0.629140 -0.265351 0.195021 0.677311 -0.212399 0.295523 0.664195 -0.256657 0.318832 0.667636 -0.282730 0.385366 0.607201 -0.339275 0.262900 0.614461 -0.336200 -0.249419 -0.740982 -0.009377 0.630623 0.601673 -0.073546 0.742880 0.591804 -0.002146 0.733594 0.540590 -0.061270 0.617211 0.715959 -0.063782 0.222158 0.576822 -0.231123 0.181096 0.531497 -0.217307 0.777045 0.484094 0.013439 0.218790 0.560851 -0.346164 0.804916 0.406467 0.016084 0.020094 -0.746826 -0.450501 0.170350 -0.603289 -0.364385 0.149032 -0.648260 -0.451030 0.567442 -0.167449 0.017963 -0.444861 -0.300240 0.276342 -0.439117 -0.212172 0.217089 -0.563649 -0.316980 0.212519 0.337611 -0.323221 -0.194096 0.406874 -0.258317 -0.101941 -0.500226 -0.206491 0.228388 0.134395 -0.521038 -0.135741 0.076574 -0.647351 -0.066769 -0.473402 -0.149374 0.207332 0.630016 -0.043770 -0.374460 0.670277 0.023116 -0.336785 0.630016 -0.043770 -0.374460 -0.011634 -0.706686 0.029667 -0.165074 -0.732462 -0.021405 0.646291 0.003509 -0.436843 0.006898 -0.706130 -0.046908 0.349323 -0.495657 -0.517998 0.318450 -0.493726 -0.573006 0.339018 -0.393855 -0.489272 0.298921 -0.500813 0.104662 0.279682 -0.457256 0.061350 0.271421 -0.511655 0.052920 -0.522629 0.186475 -0.100289 0.403622 -0.199848 0.221123 0.473050 -0.219138 0.309626 -0.851971 -0.145977 0.074417 -0.839888 -0.288932 0.013314 -0.768667 -0.276599 0.067317 -0.873277 -0.249712 0.051264 
						-0.768667 -0.276599 0.067317 -0.724870 -0.281658 0.127651 -0.731363 -0.337674 0.089231 -0.866521 -0.362202 -0.028272 -0.829032 -0.340652 0.034382 0.613146 0.453040 -0.617294 -0.679016 -0.488546 -0.141182 0.743323 0.269240 0.279066 -0.830170 -0.008314 0.026232 -0.755722 -0.002031 -0.038076 -0.877203 -0.068497 -0.000125 -0.897706 -0.146933 -0.034170 -0.567534 -0.753824 -0.008109 -0.483029 -0.767550 -0.059042 -0.867603 -0.061808 -0.040926 -0.743064 0.019750 -0.074329 -0.835135 -0.086410 -0.092318 -0.161235 -0.292398 -0.630347 -0.203095 -0.222061 -0.619848 0.578078 0.701909 -0.026347 0.617211 0.715959 -0.063782 0.421204 0.709434 -0.105252 0.700740 0.666773 0.025842 0.567988 0.622861 -0.018716 0.594521 0.571345 -0.013194 0.048498 0.435956 -0.364845 0.068194 0.365823 -0.379824 0.091516 0.347295 -0.411422 0.115381 0.382905 -0.442975 0.107104 0.289902 -0.458577 -0.614374 -0.121548 -0.307289 -0.516673 -0.125721 -0.386016 -0.543527 -0.061211 -0.295596 -0.139070 -0.748118 -0.267209 0.486728 0.023595 -0.691048 0.437862 -0.074775 -0.722346 -0.036063 -0.633955 0.145940 -0.074023 -0.674116 0.090655 -0.269233 -0.189885 -0.572593 0.695773 -0.074113 0.279510 0.583384 -0.071860 -0.097724 0.602071 -0.098846 -0.025442 0.637955 -0.130320 0.029867 0.602071 -0.098846 -0.025442 0.005039 -0.219615 0.280410 0.216324 -0.261920 0.366904 0.327311 -0.345022 0.277244 -0.763427 -0.190044 0.107891 -0.851971 -0.145977 0.074417 -0.768667 -0.276599 0.067317 -0.326311 0.023263 -0.421578 -0.330841 0.005474 -0.503653 -0.291370 0.015045 -0.592727 0.337611 -0.323221 -0.194096 0.429091 -0.297592 -0.367705 0.377082 -0.284609 -0.289364 0.255191 0.039498 -0.829063 0.162204 0.049904 -0.835685 -0.274209 -0.635357 -0.286321 0.153273 -0.542587 0.187740 0.242452 -0.526472 0.148404 0.201378 -0.580870 0.149712 0.647853 0.083869 0.317124 0.699042 0.220584 0.311287 
						0.640223 0.161204 0.298276 -0.575692 -0.683419 0.219986 -0.645648 -0.649582 0.215681 -0.586584 -0.627287 0.249633 -0.609787 -0.586228 0.270194 0.501008 0.136563 0.284759 0.384260 0.188020 0.230937 0.380530 0.233509 0.229124 0.432090 -0.021204 0.264275 -0.215746 -0.429759 -0.318671 0.378600 -0.391240 0.086331 0.339250 -0.458003 0.082803 0.046110 0.551751 -0.185955 0.444719 -0.365080 0.115245 0.276039 0.688579 -0.121754 0.299999 0.712473 -0.203032 0.195426 0.618589 -0.121732 -0.664932 0.058946 -0.074214 -0.607140 0.147488 -0.087109 -0.615967 -0.485866 -0.342882 0.668177 -0.096696 0.172778 0.655324 -0.166633 0.288886 0.624117 -0.021836 -0.088568 0.583384 -0.071860 -0.097724 0.562824 -0.091928 -0.154092 0.231354 -0.340696 -0.680069 0.591975 0.501339 -0.158662 0.543333 0.486855 -0.241520 0.233459 0.383343 -0.863117 0.643582 -0.155975 0.117497 -0.036293 0.086317 0.203981 -0.014097 0.057056 0.233885 0.048883 0.077960 0.194546 0.758079 -0.031781 0.312974 0.691107 -0.034748 0.340371 0.195335 0.151608 -0.792110 0.297291 0.244582 -0.863487 0.024916 -0.650264 -0.562832 0.010843 -0.571452 -0.580077 0.695761 0.203695 -0.498363 0.078634 -0.560885 -0.569258 0.117226 -0.529234 -0.630766 0.023393 -0.526518 -0.617853 0.690367 0.078122 -0.370254 0.670277 0.023116 -0.336785 -0.653014 -0.677636 0.056137 0.663485 0.055267 -0.246974 -0.647568 -0.559843 0.092735 -0.728146 -0.336691 -0.224309 0.222801 0.121647 0.253458 -0.457693 -0.732703 0.228645 0.494895 -0.205648 0.249496 0.403622 -0.199848 0.221123 -0.483930 -0.119881 -0.436492 -0.290357 -0.307752 -0.486480 -0.376184 0.190417 -0.195734 -0.316637 0.177087 -0.293380 -0.302978 0.212311 -0.216445 -0.253963 0.176149 -0.323336 -0.013293 0.242867 -0.618389 0.008140 0.200799 -0.487727 0.015903 0.270320 -0.565124 -0.377388 -0.479623 -0.423678 -0.235127 0.006146 -0.676865 
						0.633092 0.226811 -0.697573 0.628360 0.255664 -0.641617 -0.279987 -0.226432 -0.500499 0.084022 0.041577 -0.865705 0.438830 -0.303008 -0.516470 0.143877 -0.392615 -0.277469 0.192298 -0.504193 -0.354895 0.233523 -0.409973 -0.365694 0.125373 0.079375 0.252220 0.041234 0.034780 0.223559 0.411779 0.395024 -0.805916 -0.406032 -0.728420 0.208361 0.075418 0.287384 -0.562575 0.119318 0.336173 -0.526719 -0.571502 -0.073512 -0.246132 0.088558 0.226853 -0.346030 0.068194 0.365823 -0.379824 -0.358031 0.218287 0.072931 -0.547060 0.104504 -0.145141 0.129559 -0.133247 -0.815883 -0.399964 0.008552 -0.397425 -0.613629 -0.332541 0.234996 -0.113544 0.218142 -0.504346 -0.309981 0.115284 -0.319005 0.649613 0.107453 -0.251361 0.679272 0.138343 -0.171198 0.726002 0.088099 -0.191552 -0.089374 -0.417878 -0.631357 -0.159480 -0.386827 -0.587658 0.646284 0.172597 -0.264487 0.664939 0.256622 -0.203605 -0.194579 -0.025391 -0.712881 -0.165530 0.078282 -0.672092 -0.144801 -0.070483 -0.742193 0.630055 0.295411 -0.205889 0.209710 0.359239 -0.586606 0.157924 0.345615 -0.602939 0.129832 0.295781 -0.593999 -0.375940 -0.513287 0.344235 -0.210625 -0.373483 0.309313 -0.298924 -0.400769 0.316418 -0.363471 -0.367532 -0.482915 -0.290357 -0.307752 -0.486480 -0.375940 -0.513287 0.344235 -0.364173 -0.416841 0.301051 -0.393004 -0.466546 0.294253 -0.463207 -0.488839 0.295087 0.341737 -0.324558 0.215634 0.156302 -0.460849 -0.683362 0.417041 0.386392 0.000133 0.343009 0.373170 0.022159 0.275494 0.317894 0.070087 0.669732 0.365781 0.150419 0.631796 0.374924 0.077506 0.155671 -0.375397 -0.695824 0.198896 -0.418576 -0.674380 -0.318819 -0.522280 0.346091 -0.335631 -0.601056 0.325228 -0.609787 -0.586228 0.270194 -0.645648 -0.649582 0.215681 -0.582992 -0.548937 0.273201 0.089928 -0.604407 -0.121370 0.783876 0.187028 -0.062512 0.796153 0.279866 -0.020081 
						0.298444 -0.566358 -0.510694 0.037170 0.100460 -0.868601 0.675127 0.133364 0.338134 -0.151242 -0.727597 0.165431 -0.191223 -0.715309 0.056135 0.126825 0.407444 -0.085558 0.084978 0.479050 -0.132972 -0.461257 -0.720366 -0.110257 0.026724 0.491485 -0.103946 -0.032286 0.473407 -0.137082 -0.361761 -0.695783 -0.175982 -0.356946 -0.633325 -0.207134 -0.387352 -0.611214 -0.266657 0.470931 -0.078825 -0.069195 0.602071 -0.098846 -0.025442 0.407558 -0.059835 -0.756242 0.588041 0.654397 0.018039 0.700740 0.666773 0.025842 -0.141745 -0.684377 0.032269 0.640289 0.249444 -0.553381 0.628360 0.255664 -0.641617 -0.410998 -0.672371 -0.128855 -0.164799 -0.290248 0.315944 -0.189034 -0.256975 0.253326 -0.055811 -0.210071 0.304229 0.695773 -0.074113 0.279510 -0.804502 -0.406995 0.034761 -0.694780 -0.033313 0.084974 0.112216 -0.304589 0.363639 0.093172 -0.319670 0.335796 -0.336358 -0.609143 -0.292132 -0.471417 -0.542189 -0.352416 -0.038214 0.090954 -0.833561 0.177777 -0.483181 0.220679 0.265283 -0.432832 0.244854 0.233707 -0.477606 0.213449 0.250443 -0.519930 0.210181 0.878658 0.147292 0.101603 0.804863 0.003828 0.215939 0.270931 0.433211 -0.026084 0.249235 0.357086 0.023655 0.206059 0.449423 -0.085017 0.250092 0.393031 -0.025526 -0.331654 0.291387 -0.002666 -0.341231 0.281690 -0.108212 -0.394933 0.277654 -0.046710 -0.377514 0.239394 0.029136 -0.076227 0.304300 -0.034438 -0.220071 -0.117024 0.201554 0.106505 0.252307 0.135897 0.147923 0.279822 0.082138 0.443962 0.459226 -0.557346 0.554162 -0.074223 -0.530092 0.539219 -0.140415 -0.528295 0.458346 -0.068834 -0.637288 0.494662 -0.028284 -0.659030 0.458346 -0.068834 -0.637288 0.437862 -0.074775 -0.722346 -0.290357 -0.307752 -0.486480 0.405834 -0.249861 -0.338762 0.445529 0.313981 -0.774778 0.075418 0.287384 -0.562575 -0.711723 -0.218873 0.163604 0.907990 0.200391 0.232457 
						0.805523 0.232849 0.174488 0.602368 0.514344 0.008021 0.577155 0.444345 0.030393 0.304157 0.405018 -0.537725 0.424460 0.240863 -0.811874 -0.552152 -0.649632 0.283160 0.325631 -0.381031 0.236645 0.325631 -0.381031 0.236645 -0.009533 -0.219361 -0.718302 0.023516 -0.660285 -0.104592 0.049324 0.522709 -0.130571 -0.184324 0.330280 -0.154607 -0.519613 -0.513461 -0.317996 0.593411 0.397136 -0.515186 0.592208 0.295895 -0.529566 0.607423 0.453587 -0.538653 0.636567 0.477830 -0.580303 -0.176480 0.170895 -0.379061 -0.253963 0.176149 -0.323336 0.074124 -0.168445 -0.823621 0.825209 0.187345 -0.045008 0.680654 0.473594 0.036280 0.554705 0.263572 -0.611473 0.602177 0.317187 -0.677610 0.207231 0.346908 0.045598 -0.582992 -0.548937 0.273201 0.083116 -0.726175 -0.436578 0.144326 -0.548750 -0.338654 -0.481295 -0.013937 0.162634 -0.067357 0.215014 -0.441735 -0.094646 0.259272 -0.371130 -0.184324 0.330280 -0.154607 -0.888097 -0.266653 -0.031584 -0.236414 0.332052 -0.119401 0.641337 0.088206 -0.307097 0.663485 0.055267 -0.246974 -0.598890 0.016605 0.114911 -0.633301 -0.043652 0.082711 0.795078 0.135859 -0.036920 0.916309 0.142658 0.244525 -0.571625 -0.381681 0.238260 -0.595431 -0.423897 0.271928 0.595414 0.467567 -0.150738 0.354426 -0.245494 0.220660 0.421204 0.709434 -0.105252 0.393429 -0.347993 0.142887 -0.501374 0.235464 -0.025027 -0.438074 0.267990 -0.006126 0.506093 -0.243011 0.133960 0.275013 -0.416369 0.216788 0.325631 -0.381031 0.236645 0.275013 -0.416369 0.216788 0.255191 0.039498 -0.829063 -0.235127 0.006146 -0.676865 0.372597 0.418985 -0.542557 -0.784780 -0.339105 0.081759 -0.213612 -0.541425 -0.452091 0.407558 -0.059835 -0.756242 -0.028618 -0.621873 0.325047 -0.165530 0.078282 -0.672092 -0.088151 0.072231 -0.747249 0.122953 0.447235 -0.387931 -0.088151 0.072231 -0.747249 -0.304971 0.165311 0.130515 
						0.643655 0.227367 -0.332231 -0.317891 -0.544477 -0.414501 -0.330841 0.005474 -0.503653 0.179398 -0.523044 -0.587986 -0.344213 0.169152 0.081967 -0.011217 -0.380108 0.357931 -0.522161 0.195278 -0.043655 0.494895 -0.205648 0.249496 -0.416541 -0.439952 -0.444719 0.514963 -0.208687 -0.495039 0.161793 0.340443 0.066078 0.122199 -0.448909 -0.662617 -0.823857 -0.082756 0.040670 -0.665446 -0.546559 0.203078 -0.235694 -0.072834 -0.694428 -0.089374 -0.417878 -0.631357 -0.664932 0.058946 -0.074214 -0.516816 -0.421491 0.254074 -0.355770 0.111566 -0.292860 -0.399964 0.008552 -0.397425 0.341470 0.449260 -0.512400 0.412912 0.169114 0.264247 0.265283 -0.432832 0.244854 0.337121 -0.000537 -0.761851 0.867521 0.146870 0.252921 -0.236414 0.332052 -0.119401 -0.318819 -0.522280 0.346091 -0.274209 -0.635357 -0.286321 
					</float_array>
					<technique_common>
						<accessor count="1116" offset="0" source="#meshId0-positions-array" stride="3">
							<param name="X" type="float" />
							<param name="Y" type="float" />
							<param name="Z" type="float" />
						</accessor>
					</technique_common>
				</source>
				<source id="meshId0-normals" name="meshId0-normals">
					<float_array id="meshId0-normals-array" count="3348"> 
						-0.524315 0.603467 -0.600767 -0.624252 0.689848 -0.366631 -0.613506 0.756391 -0.226900 -0.656385 0.584733 -0.476704 -0.526339 0.562682 -0.637461 -0.697588 -0.384328 -0.604701 -0.431738 -0.074280 -0.898935 0.612481 -0.755295 -0.233231 0.595790 -0.803095 -0.008524 0.673390 -0.681430 -0.286706 -0.767873 -0.457585 0.448316 -0.545450 -0.273975 0.792100 -0.724867 -0.532722 0.436778 -0.481684 0.461164 -0.745190 -0.725645 0.684811 0.066879 -0.401477 0.505145 -0.763966 -0.068834 0.404264 0.912049 -0.239067 0.335408 0.911234 -0.005011 0.356639 0.934229 -0.205240 0.646248 0.735010 -0.166925 0.835960 0.522788 -0.185810 0.687952 0.701567 0.940581 0.337110 -0.040807 0.939055 0.337552 0.065075 0.837817 0.147111 -0.525757 0.348406 -0.849070 0.397107 0.422548 -0.902497 -0.083384 0.251646 -0.901156 0.352976 -0.488121 -0.645399 -0.587536 -0.385239 -0.564619 -0.729929 -0.468035 -0.474225 -0.745690 -0.124976 -0.447519 -0.885498 -0.191513 -0.336156 -0.922129 -0.427417 -0.003565 -0.904048 0.121258 -0.098389 -0.987733 -0.070773 -0.360478 -0.930079 0.275540 0.239583 -0.930955 0.329025 -0.518554 0.789205 0.228182 -0.224381 0.947410 0.382653 -0.321184 0.866266 0.798899 -0.570381 -0.190857 0.537023 -0.808798 -0.239692 0.695913 -0.587445 -0.413055 -0.469754 -0.787626 -0.398717 -0.442290 -0.669366 -0.596933 -0.331308 -0.488052 -0.807490 0.588178 -0.705103 0.396077 0.638791 -0.637568 0.430642 0.556737 -0.811464 0.177682 -0.512585 0.858515 0.014428 -0.627550 0.772375 -0.098066 -0.363955 0.929960 -0.052073 0.646345 0.391137 0.655172 0.834300 0.327821 0.443258 0.989495 -0.002874 0.144539 -0.052220 0.860334 0.507049 -0.124414 0.903811 0.409446 0.004692 0.685182 0.728357 -0.470096 0.870619 0.145024 -0.487289 0.862192 0.138472 -0.407318 0.912450 -0.039063 -0.348411 0.256342 0.901609 -0.681098 0.109248 0.723997 -0.427152 0.115034 0.896833 
						-0.104946 -0.992659 -0.060124 0.257060 -0.966374 -0.006439 -0.113831 -0.968634 0.220884 0.281176 0.797906 -0.533185 -0.268009 0.711410 -0.649667 -0.105850 0.617860 -0.779131 -0.540891 0.602776 -0.586599 -0.454634 0.547221 -0.702750 0.340210 0.320545 -0.884030 0.406262 0.363839 -0.838196 0.456295 0.632806 -0.625580 0.849452 0.404976 -0.338268 0.811091 0.349853 -0.468758 0.764209 0.198756 -0.613580 -0.722907 0.471465 0.505099 -0.460116 0.769184 0.443451 -0.583572 0.537372 0.608831 -0.136444 0.416286 0.898938 -0.385763 0.467118 0.795606 -0.309086 0.353566 0.882869 -0.116376 -0.373078 -0.920472 -0.367802 -0.408110 -0.835564 -0.328718 -0.257292 -0.908705 -0.597668 -0.361090 -0.715826 -0.905152 -0.209904 -0.369648 -0.738097 -0.582371 -0.340670 -0.454679 0.702346 -0.547702 -0.520339 0.762887 -0.383733 -0.604384 0.679448 -0.416017 0.273458 0.385648 0.881190 -0.002496 -0.005601 0.999981 -0.222922 0.174714 0.959052 -0.730577 0.584829 -0.352466 -0.577281 0.761646 -0.294350 -0.615158 0.738213 -0.276806 -0.033362 0.218064 -0.975364 -0.094297 0.106405 -0.989841 -0.530957 0.543998 -0.649731 -0.847328 0.126953 -0.515673 -0.561212 0.535642 -0.630975 -0.454502 -0.013536 -0.890643 -0.605747 0.559100 -0.566108 -0.420690 0.318878 -0.849316 -0.221872 0.710122 0.668206 -0.142689 0.700653 0.699089 -0.208158 0.729181 0.651893 -0.520339 0.762887 -0.383733 -0.442448 0.440415 -0.781201 -0.424231 0.690848 -0.585455 -0.402398 -0.514918 -0.756925 -0.409958 -0.401141 -0.819158 -0.488282 -0.301567 -0.818925 -0.429249 -0.890472 -0.151014 -0.395862 -0.901182 -0.176536 -0.504906 -0.708440 -0.493135 0.668254 -0.502117 -0.548921 0.572222 -0.729660 -0.374377 0.749905 -0.410085 -0.519108 0.609182 -0.304791 -0.732120 0.571311 -0.297000 -0.765111 0.304356 -0.789362 -0.533174 -0.400273 0.852441 0.336341 -0.511448 0.594038 -0.620918 -0.498786 0.506586 -0.703266 
						-0.165870 0.504325 -0.847433 0.533951 -0.709801 -0.459432 0.390294 -0.599197 -0.699023 0.976027 0.169682 0.136307 -0.238447 -0.248521 0.938819 -0.282042 0.047553 0.958223 -0.000242 -0.389775 0.920910 0.280006 -0.192348 0.940531 0.047096 -0.203880 0.977862 -0.085367 0.918859 -0.385242 0.338722 -0.257152 -0.905064 0.514248 0.054420 -0.855913 0.232195 -0.192754 -0.953379 0.738324 -0.667699 -0.095160 0.902771 -0.389706 0.182024 0.728429 -0.647181 -0.224827 0.455931 0.876843 0.152553 0.709708 0.108210 0.696136 0.645471 0.352325 0.677669 -0.245386 0.509745 0.824588 -0.027705 0.499391 0.865934 -0.016706 0.447630 0.894063 0.160135 0.394518 0.904827 -0.073366 0.150414 0.985897 -0.072209 0.144071 0.986929 0.648190 0.727387 -0.225296 0.626424 0.752848 -0.202020 0.759292 0.645548 0.082121 0.838111 0.446895 -0.312818 0.825640 0.111021 -0.553166 0.591657 0.056169 -0.804231 0.547725 -0.068188 -0.833875 0.284502 -0.262820 -0.921946 0.953671 -0.146866 -0.262568 0.758616 -0.355541 -0.545978 0.921670 0.056380 -0.383856 0.720610 -0.541693 0.432771 0.763356 -0.522417 0.379958 0.820438 -0.406107 -0.402441 0.702777 -0.422013 -0.572722 0.721018 -0.481306 -0.498474 -0.866728 -0.130484 0.481412 -0.940256 -0.041390 0.337942 -0.194825 -0.840358 0.505808 -0.362223 -0.931959 0.015716 0.153999 -0.849048 0.505372 0.432037 -0.604920 0.668891 0.187774 -0.355368 0.915672 -0.480020 0.186251 0.857258 -0.264330 0.049932 0.963139 -0.264966 -0.017744 0.964094 -0.756519 0.566878 -0.326081 -0.596583 0.794056 -0.116458 -0.761751 0.381414 -0.523697 -0.743514 -0.360320 -0.563344 -0.665162 0.335996 -0.666833 0.707268 -0.396330 0.585401 0.767202 -0.273962 -0.579953 0.942324 0.004463 0.334672 0.440341 -0.893370 0.089389 0.663651 -0.696085 -0.273922 0.524652 -0.850673 -0.033107 0.598215 -0.736256 -0.316332 0.153999 -0.849048 0.505372 
						0.377517 -0.915318 0.140265 -0.627289 0.152967 0.763617 -0.314043 0.291349 0.903600 -0.536711 -0.080727 0.839895 0.940581 0.337110 -0.040807 0.540770 0.163464 0.825135 0.939055 0.337552 0.065075 -0.680799 0.695610 -0.229435 -0.564128 0.825661 -0.006544 -0.529046 0.818987 -0.222193 0.503051 -0.370810 -0.780666 0.414268 -0.584983 -0.697264 0.672446 -0.345977 -0.654306 0.573261 -0.754857 0.318689 0.503983 -0.841114 0.196285 0.594120 -0.764083 0.251393 0.921785 -0.234643 -0.308633 0.845925 -0.528245 0.073268 0.827620 -0.439693 0.348877 0.746523 -0.578023 0.329535 0.345125 0.934068 -0.091679 0.126890 0.742181 -0.658078 0.363343 0.930376 -0.048814 -0.659030 0.585199 -0.472463 -0.399739 0.443764 -0.802049 -0.686379 0.674122 -0.272844 0.756681 -0.644521 -0.109664 0.740921 -0.644610 -0.188451 0.369185 -0.821311 0.434914 -0.504533 -0.636880 -0.582949 -0.542715 -0.674919 -0.499945 -0.420991 -0.711610 -0.562474 -0.382142 -0.355860 -0.852837 0.476989 -0.770133 -0.423528 0.657215 -0.693214 -0.295845 0.617126 -0.568215 -0.544323 0.439746 -0.753818 0.488243 0.571950 -0.529674 0.626353 0.553179 -0.776778 0.301013 0.476989 -0.770133 -0.423528 0.617126 -0.568215 -0.544323 0.537467 -0.581072 -0.611134 0.742262 -0.199994 0.639570 0.733570 -0.247755 0.632845 0.934575 -0.318357 -0.158805 0.867509 -0.490721 -0.081364 0.859251 -0.305306 0.410458 0.809016 -0.524117 -0.266073 0.254810 0.403491 -0.878787 -0.399739 0.443764 -0.802049 -0.173940 -0.151831 -0.972981 -0.452912 0.638095 0.622660 -0.001180 0.911288 0.411768 -0.568174 0.799908 -0.193198 -0.998400 0.035976 0.043627 0.411280 0.902646 -0.126804 -0.332080 0.865927 -0.374023 0.658031 -0.443781 -0.608321 0.705143 -0.391906 -0.590917 0.637661 -0.469904 -0.610392 0.364656 -0.451489 -0.814361 -0.730577 0.584829 -0.352466 -0.672352 0.681085 -0.289942 -0.577281 0.761646 -0.294350 
						-0.362922 0.707000 -0.606991 -0.165870 0.504325 -0.847433 -0.193675 0.978387 -0.072455 0.126170 0.442682 -0.887758 0.587666 0.276797 -0.760284 0.910433 0.028975 -0.412641 0.068061 -0.637729 -0.767248 0.160164 -0.359763 -0.919194 0.112318 -0.931764 -0.345253 0.614455 0.179386 -0.768288 0.074565 0.697437 -0.712756 0.735733 0.140741 -0.662487 -0.817068 -0.382995 -0.430946 -0.641558 0.511459 -0.571675 0.502169 -0.538242 -0.676847 0.588762 -0.731046 -0.344865 -0.536588 0.813695 -0.223546 -0.785897 0.618076 -0.018636 -0.424649 0.501419 -0.753825 -0.157652 -0.159879 -0.974466 0.144059 -0.541124 0.828512 -0.061302 -0.716858 0.694519 -0.130527 -0.520803 0.843639 0.468312 -0.439416 0.766549 0.228182 -0.224381 0.947410 0.434997 -0.169914 0.884255 0.778775 -0.331272 -0.532699 0.649271 -0.293190 -0.701774 0.661798 -0.716492 0.220597 0.811138 -0.525915 -0.255870 -0.644840 0.632113 -0.429668 -0.899554 -0.029930 -0.435782 0.781431 -0.566258 0.262141 0.132762 0.313103 0.940394 0.265061 0.207089 0.941731 0.450046 0.801440 0.393894 0.739953 0.437773 0.510709 0.964659 -0.213165 0.154897 0.143947 0.708779 -0.690587 0.175636 0.965350 0.193006 0.543231 0.237181 -0.805385 0.422497 -0.371173 -0.826878 0.890367 -0.450713 0.064064 -0.084764 0.746867 0.659549 0.546472 0.292116 0.784880 -0.300699 0.362264 0.882239 -0.119316 0.365593 0.923096 0.665413 0.030486 0.745853 0.959917 -0.230612 0.159305 0.720657 -0.634295 -0.279862 0.748861 -0.577436 -0.325230 0.727341 -0.684797 0.045031 0.706206 -0.675436 -0.212272 0.613998 -0.757558 0.221612 0.613998 -0.757558 0.221612 0.577755 -0.727545 0.369968 0.885438 -0.395546 0.244013 0.431754 -0.901826 -0.017290 0.420180 0.892417 -0.164440 -0.313616 0.389020 0.866204 -0.872311 -0.488941 -0.003332 -0.732129 -0.610666 -0.301787 -0.821837 0.338641 -0.458156 -0.932672 -0.178266 -0.313599 
						-0.160283 0.763916 0.625093 -0.627289 0.152967 0.763617 -0.536711 -0.080727 0.839895 -0.708017 0.144942 0.691161 -0.412149 0.574614 0.707073 -0.331442 0.828839 0.450747 -0.277683 0.899744 0.336680 -0.135021 0.905619 0.402023 -0.412149 0.574614 0.707073 -0.203869 0.774786 0.598452 -0.866816 -0.490667 0.088746 -0.794008 -0.558661 -0.239686 -0.428718 -0.484729 -0.762390 -0.034291 0.862775 0.504424 0.301876 0.592123 0.747168 0.164296 0.791159 0.589130 -0.002496 -0.005601 0.999981 0.273458 0.385648 0.881190 -0.455470 -0.864867 -0.211073 -0.591496 -0.793254 -0.144497 -0.505827 -0.855682 -0.109303 -0.635716 -0.347615 -0.689223 -0.907778 -0.232633 -0.349029 -0.720538 -0.552523 -0.418979 -0.186508 0.579795 0.793128 -0.270123 0.371064 0.888451 -0.218810 0.243181 0.944979 0.349378 -0.501931 0.791202 0.294799 -0.230891 0.927245 0.524398 -0.153637 0.837497 -0.342845 0.901596 0.263784 -0.488111 0.854088 0.179670 -0.250434 0.704044 0.664534 -0.892209 0.302608 0.335248 -0.954917 0.099293 -0.279775 -0.693559 -0.005114 0.720382 0.411858 0.841441 0.349785 0.554724 0.830749 -0.046229 0.129868 0.508426 0.851257 0.915565 -0.041263 -0.400046 0.858191 -0.346493 -0.378748 0.085075 0.948548 0.304989 -0.662860 -0.054401 0.746764 -0.940256 -0.041390 0.337942 -0.866967 -0.167369 0.469420 -0.914354 -0.387373 0.117895 0.229719 -0.278247 0.932635 0.858191 -0.346493 -0.378748 0.211250 -0.113588 0.970810 0.295331 0.213510 0.931232 -0.750699 0.266466 0.604521 -0.746171 0.145393 -0.649685 -0.767561 0.148455 -0.623548 -0.873021 -0.316976 -0.370622 -0.170284 -0.159211 -0.972448 0.480250 -0.611204 -0.629118 -0.041635 -0.539562 -0.840916 -0.345686 -0.380874 -0.857576 -0.926397 -0.189954 -0.325125 -0.579864 -0.410817 -0.703553 -0.680055 -0.048244 -0.731572 -0.660770 -0.546930 -0.514053 0.845553 -0.466840 0.259036 0.905592 0.414728 -0.088904 
						0.029568 0.998352 -0.049178 0.034702 0.997901 -0.054681 -0.024033 -0.165297 -0.985951 -0.394354 -0.416674 -0.819065 -0.398280 -0.295842 -0.868245 -0.805531 -0.000525 -0.592554 -0.590618 -0.159688 -0.790993 -0.641091 -0.433958 -0.632995 -0.765774 -0.539834 -0.349527 -0.640494 -0.544034 -0.542028 -0.334475 -0.854968 0.396429 -0.070029 -0.984459 0.161049 0.644955 -0.075054 0.760526 0.026113 -0.381842 0.923859 0.606031 -0.404737 0.684773 0.721278 -0.565984 -0.399275 0.672446 -0.345977 -0.654306 0.693708 -0.640891 -0.328677 0.728776 -0.584172 0.357253 0.705276 -0.613226 0.355724 0.806797 -0.404839 0.430330 0.325351 -0.534628 0.779949 0.257533 -0.506522 0.822868 0.197816 -0.461910 0.864586 -0.671465 -0.253467 -0.696339 -0.101642 0.163978 -0.981214 -0.128970 0.002520 0.991645 -0.121084 0.241432 0.962834 -0.180834 0.285377 0.941201 -0.282042 0.047553 0.958223 -0.194458 0.172423 0.965638 -0.401235 0.028768 0.915523 -0.326664 0.327574 0.886559 -0.080300 0.287715 0.954344 -0.251773 0.413753 0.874882 -0.255572 0.305569 0.917230 -0.903249 -0.401426 -0.151652 -0.738097 -0.582371 -0.340670 -0.905152 -0.209904 -0.369648 -0.538867 -0.457844 -0.707108 -0.497082 -0.286861 -0.818914 0.025466 0.134112 0.990639 0.057161 0.468147 0.881800 -0.199257 0.117693 0.972854 -0.258709 0.479454 0.838566 -0.135988 -0.778419 -0.612838 0.576895 -0.538344 -0.614310 -0.082298 -0.379789 -0.921405 -0.711988 0.484123 -0.508623 -0.798776 0.401257 -0.448273 0.070423 0.402464 -0.912723 -0.205423 0.686771 0.697242 -0.162783 0.669373 0.724873 -0.148150 0.164476 0.975192 -0.098387 0.123283 0.987482 -0.055320 -0.099910 0.993457 0.070423 0.402464 -0.912723 0.386437 0.040315 -0.921434 0.409041 0.235833 -0.881515 -0.182348 0.396679 0.899664 -0.111719 0.335842 0.935269 0.037179 0.211307 0.976712 0.626005 -0.600610 0.497378 0.520655 -0.483833 0.703437 
						-0.242863 -0.969742 -0.024876 -0.500815 -0.809856 -0.305478 -0.493588 -0.402585 -0.770906 -0.253639 -0.630909 -0.733226 0.606031 -0.404737 0.684773 0.767425 -0.603156 -0.217397 0.325586 -0.909701 0.257755 0.070519 -0.917461 0.391525 0.511420 -0.693841 0.506986 -0.008975 -0.367744 0.929884 0.493643 -0.592531 0.636572 0.610300 0.789340 0.066901 0.756760 0.419902 0.500996 0.908664 0.405362 -0.100054 0.912496 0.247581 -0.325661 0.808629 -0.440386 -0.390102 0.777326 -0.488791 -0.396040 0.748447 -0.627586 -0.214389 0.320355 -0.376812 -0.869129 0.322528 0.136959 -0.936599 0.143985 0.013655 -0.989486 -0.340333 0.908613 -0.242068 -0.396012 -0.718367 -0.571948 -0.435829 -0.646861 -0.625799 -0.442883 -0.761773 -0.472816 -0.421210 -0.898534 -0.123367 -0.027690 0.446204 0.894503 -0.352881 0.434615 0.828604 0.263128 -0.924797 0.274797 0.377664 -0.924259 0.055816 -0.267608 -0.361012 -0.893340 -0.562631 0.536180 -0.629251 -0.399910 0.823536 -0.402318 -0.335950 0.787469 -0.516750 -0.525963 0.561516 0.638797 -0.600806 0.743654 0.293275 -0.377891 0.763656 -0.523477 -0.062183 -0.591819 -0.803669 -0.524229 -0.211087 -0.825001 0.628826 0.100773 -0.770988 0.560579 0.313655 -0.766402 0.762925 0.567071 0.310445 0.858901 -0.017559 -0.511841 0.546472 0.292116 0.784880 0.874564 -0.378778 -0.302762 0.763356 -0.522417 0.379958 0.855123 -0.511673 0.083398 -0.242402 -0.752141 0.612802 -0.347172 -0.883452 0.314617 -0.144842 -0.913874 0.379283 0.582576 -0.515017 0.628779 0.046654 -0.647578 0.760569 0.357043 -0.875250 0.326277 0.122139 -0.989576 -0.076299 -0.801139 -0.317107 -0.507562 -0.473203 -0.425196 -0.771548 -0.441280 -0.520774 -0.730799 -0.216474 -0.662902 -0.716728 -0.314596 0.658815 0.683368 -0.214263 0.712813 0.667824 -0.243222 0.710890 0.659908 -0.038461 0.823593 0.565876 -0.281500 0.754508 0.592853 -0.242196 0.658562 0.712486 
						-0.325605 0.072680 0.942708 -0.395983 0.161602 0.903926 -0.003431 0.397962 0.917395 0.721868 -0.389837 0.571781 0.678004 -0.483448 0.553705 -0.333377 0.066176 0.940468 -0.150748 0.404724 0.901928 0.211401 0.376761 0.901865 0.059248 0.452393 0.889849 -0.010758 0.579897 0.814619 0.859251 -0.305306 0.410458 0.867509 -0.490721 -0.081364 0.116499 -0.130635 0.984562 -0.647445 -0.004637 0.762098 -0.280945 0.339679 0.897601 0.656840 -0.196132 -0.728075 0.002282 0.056364 -0.998408 -0.310131 0.267216 0.912367 0.892799 -0.389040 -0.227063 -0.178904 0.126651 0.975681 0.003672 -0.132737 0.991144 0.003672 -0.132737 0.991144 0.414812 -0.073599 0.906926 0.095869 -0.392898 -0.914571 0.177178 -0.486979 -0.855254 0.234702 -0.798897 -0.553786 0.341479 -0.581747 -0.738216 0.634784 -0.668284 -0.387872 0.657958 0.106416 0.745498 0.664164 0.226891 0.712325 0.783353 -0.103187 0.612952 -0.015084 0.085409 0.996232 -0.156258 0.159908 0.974686 -0.428033 -0.693491 -0.579533 -0.474590 -0.768132 -0.429811 -0.216474 -0.662902 -0.716728 -0.051075 -0.594389 -0.802554 -0.746757 -0.128087 -0.652646 -0.658640 -0.346981 -0.667681 -0.677843 0.175514 0.713950 -0.704860 0.126344 0.698004 -0.511874 0.561970 0.649749 0.021998 -0.148233 0.988708 -0.135625 0.102556 0.985438 0.064957 0.072214 0.995272 -0.014606 0.130727 -0.991311 -0.235596 -0.306748 -0.922171 0.137442 -0.317096 -0.938382 -0.658640 -0.346981 -0.667681 -0.746757 -0.128087 -0.652646 -0.872623 -0.089108 -0.480197 0.211250 -0.113588 0.970810 0.295331 0.213510 0.931232 0.126414 -0.080154 0.988734 -0.286873 0.862511 0.416867 -0.205548 0.741256 0.638975 -0.205472 0.375959 -0.903569 -0.427417 -0.003565 -0.904048 0.260454 0.630021 0.731599 0.375586 0.316284 0.871149 -0.083533 0.603513 0.792966 0.375586 0.316284 0.871149 -0.343683 0.216492 0.913790 0.845553 -0.466840 0.259036 
						0.761307 -0.584378 0.280916 0.520844 0.636860 -0.568446 0.150217 -0.380007 -0.912705 -0.295827 0.310810 -0.903263 -0.082298 -0.379789 -0.921405 -0.280212 0.897817 0.339714 -0.350693 0.930667 -0.104276 -0.208066 0.889811 0.406134 0.053695 0.920015 0.388187 -0.634290 0.763577 -0.120941 -0.322581 0.946381 0.017444 -0.363119 0.655455 0.662211 -0.578159 0.808381 0.110691 -0.704013 0.674107 0.223486 -0.578159 0.808381 0.110691 -0.608563 0.018841 -0.793282 -0.655375 0.557307 -0.509797 -0.384254 -0.249379 -0.888909 -0.597769 0.043425 -0.800491 0.637483 -0.421778 -0.644763 -0.291195 0.736859 -0.610118 -0.548237 0.554865 -0.625749 -0.688250 0.707133 -0.162096 0.055374 -0.186164 0.980957 -0.098817 0.057124 0.993465 0.286589 -0.515469 0.807563 -0.226543 -0.849086 -0.477212 0.353292 0.395084 -0.847994 0.661434 0.157870 -0.733200 0.758039 0.182810 -0.626064 0.718900 0.210753 -0.662394 0.725868 0.241981 -0.643864 -0.467631 -0.471774 -0.747496 -0.087819 -0.263560 -0.960637 -0.577756 0.344172 -0.740097 -0.227555 0.081457 0.970352 -0.227555 0.081457 0.970352 0.110052 -0.653347 0.749017 -0.250443 0.513489 0.820736 -0.153939 0.660665 0.734727 -0.307289 0.366893 0.878045 0.420180 0.892417 -0.164440 -0.231123 0.687074 0.688847 -0.370774 0.209803 -0.904715 -0.167736 0.009420 0.985787 -0.902224 -0.429588 0.038025 -0.965950 -0.258693 0.004226 -0.757154 -0.652911 -0.020619 -0.076609 -0.634027 0.769507 -0.598107 -0.643846 0.477211 -0.305885 0.486669 -0.818283 -0.597920 0.763269 -0.244768 0.948386 -0.082560 -0.306184 0.382532 -0.923470 -0.029533 0.352446 -0.935744 -0.012832 0.800702 -0.597100 0.048444 0.905826 -0.370775 0.204952 0.842881 -0.532330 0.078587 0.728778 -0.514015 0.452405 -0.235808 0.637606 0.733384 0.209871 -0.015466 0.977607 0.259124 -0.031568 -0.965328 0.236470 0.101692 -0.966302 -0.418140 0.378864 0.825604 
						-0.338369 0.427523 0.838290 -0.175029 0.474334 0.862770 -0.743514 -0.360320 -0.563344 -0.665162 0.335996 -0.666833 -0.680722 0.634470 -0.366151 -0.669684 0.739407 -0.069278 0.455483 -0.852410 -0.256774 0.281758 -0.937983 -0.201993 -0.628328 0.777835 0.013336 -0.337761 0.919624 -0.200521 -0.551747 0.561202 0.616950 -0.746076 0.503351 0.435900 0.434552 0.799518 -0.414650 0.837116 0.341073 -0.427674 0.906813 0.332538 -0.259054 -0.167208 0.449487 0.877498 -0.238661 0.558396 0.794503 0.028142 0.169120 0.985194 0.825703 0.480747 0.295123 0.698437 0.385145 0.603199 0.439746 -0.753818 0.488243 0.396881 -0.839748 0.370552 0.276650 -0.817215 0.505593 0.414404 -0.863382 0.287820 -0.066094 -0.603404 0.794692 -0.197183 -0.832939 0.517041 0.014358 -0.794850 -0.606636 0.618651 -0.756269 -0.212905 -0.151833 -0.857099 -0.492268 -0.167736 0.009420 0.985787 -0.084534 -0.197288 0.976694 -0.619691 -0.423134 -0.661015 -0.053818 -0.066798 0.996314 -0.234381 0.322533 0.917081 0.421372 -0.604223 -0.676284 -0.139224 -0.296108 -0.944953 -0.381853 0.381700 -0.841720 -0.008975 -0.367744 0.929884 0.021998 -0.148233 0.988708 -0.113002 -0.919706 0.375995 -0.096808 -0.972399 -0.212293 0.738868 -0.537230 -0.406766 0.939055 0.337552 0.065075 0.820365 0.488865 0.296669 0.944173 -0.229240 -0.236613 -0.515380 0.820017 -0.248910 -0.611938 0.585568 -0.531641 -0.536588 0.813695 -0.223546 0.487237 0.842284 -0.230558 0.842024 0.516270 -0.156401 0.469960 0.641059 -0.606780 0.839718 0.533054 -0.103574 0.777199 0.406155 0.480625 0.315919 0.317089 -0.894231 0.750287 -0.011889 -0.661005 0.737140 -0.443599 -0.509750 0.885438 -0.395546 0.244013 0.921785 -0.234643 -0.308633 0.790468 -0.609248 -0.063065 0.885438 -0.395546 0.244013 -0.633701 0.539462 -0.554440 -0.672352 0.681085 -0.289942 -0.791300 0.218787 -0.570944 0.661798 -0.716492 0.220597 
						0.396881 -0.839748 0.370552 0.439746 -0.753818 0.488243 0.708545 -0.553997 0.437094 0.657958 0.106416 0.745498 0.095013 -0.533430 0.840491 0.349378 -0.501931 0.791202 -0.147616 0.433504 0.888979 -0.273612 0.444636 0.852898 -0.359479 0.422474 0.832040 -0.431592 0.415569 0.800644 -0.368220 -0.700458 -0.611369 -0.470066 -0.880799 0.056844 -0.532271 -0.386302 -0.753298 0.762925 0.567071 0.310445 0.632003 0.601898 0.488150 -0.752653 0.469967 -0.461135 -0.576634 0.613573 -0.539464 -0.095916 0.838931 -0.535719 0.121371 0.907909 -0.401210 0.033183 0.665108 -0.746010 -0.241917 0.618117 -0.747936 0.438202 -0.874980 0.205887 0.357375 0.285704 -0.889189 0.754221 0.406065 -0.516006 0.513586 0.322309 -0.795202 0.352108 0.588645 -0.727679 -0.899100 0.312363 -0.306673 -0.269163 0.909570 -0.316598 0.858017 0.255674 -0.445463 -0.388789 0.686478 -0.614484 0.820879 0.323424 -0.470696 0.115426 -0.989765 -0.083919 0.690435 -0.598364 0.406521 0.643717 -0.628189 0.437044 0.414268 -0.584983 -0.697264 -0.253350 0.330295 0.909241 -0.275330 0.311445 0.909503 -0.220253 0.262767 0.939384 0.382532 -0.923470 -0.029533 0.921785 -0.234643 -0.308633 -0.007090 0.091897 0.995743 0.737140 -0.443599 -0.509750 0.650741 -0.707318 -0.276110 -0.254774 0.504785 0.824792 0.682815 -0.694206 -0.227687 0.933098 -0.356886 0.044266 0.682815 -0.694206 -0.227687 0.271517 -0.830680 0.486055 -0.024675 -0.774633 0.631930 0.820438 -0.406107 -0.402441 0.692526 -0.721129 -0.019535 0.946003 -0.223103 0.235168 0.666433 -0.376828 -0.643325 0.699910 -0.650565 0.294773 0.646184 -0.759281 0.077067 0.741018 -0.563074 -0.365841 0.773960 -0.569707 -0.276439 -0.545480 0.673337 -0.499068 0.315509 -0.777822 -0.543551 0.185966 -0.762534 0.619643 -0.409885 0.176370 0.894923 -0.658465 -0.382114 0.648393 -0.568867 -0.206121 0.796182 -0.556067 -0.557680 0.616266 
						-0.568867 -0.206121 0.796182 -0.736124 -0.185651 0.650888 -0.866728 -0.130484 0.481412 -0.825939 -0.558540 -0.076529 -0.724083 -0.081773 0.684848 0.761307 -0.584378 0.280916 -0.383277 -0.751765 -0.536608 0.071229 0.697661 0.712878 -0.488111 0.854088 0.179670 -0.342845 0.901596 0.263784 -0.853483 0.509012 0.111683 -0.961757 -0.021153 -0.273084 -0.503155 -0.855880 -0.119604 -0.175454 -0.855618 -0.486964 -0.727017 0.603735 -0.327034 -0.562306 0.676153 -0.476055 -0.557052 0.354753 -0.750895 -0.235596 -0.306748 -0.922171 -0.426836 -0.358257 -0.830339 -0.236768 0.717438 0.655152 0.352108 0.588645 -0.727679 0.131127 0.660621 -0.739179 0.618242 0.683084 0.388811 -0.323244 0.067101 0.943933 -0.187031 0.186132 0.964559 -0.430671 0.495795 -0.754129 -0.400155 0.037713 -0.915671 -0.859672 -0.003593 -0.510834 -0.548237 0.554865 -0.625749 -0.994304 0.037198 0.099879 -0.580016 0.672872 -0.459156 -0.611938 0.585568 -0.531641 -0.536588 0.813695 -0.223546 -0.314993 -0.697360 -0.643792 0.547015 -0.178796 -0.817806 0.694889 -0.297213 -0.654823 0.359684 -0.923698 -0.131947 0.254499 -0.926287 0.277891 -0.845946 -0.328245 -0.420274 0.621874 -0.580029 0.526155 0.420312 -0.886471 -0.193665 0.345848 -0.688882 -0.637048 0.736575 -0.596057 -0.319647 0.345848 -0.688882 -0.637048 0.015977 0.351975 0.935873 0.136030 0.080586 0.987422 0.440395 -0.596339 0.671142 -0.506511 0.021097 0.861975 -0.409885 0.176370 0.894923 -0.568867 -0.206121 0.796182 -0.605141 0.674178 -0.423426 -0.630915 0.750001 -0.198605 -0.680722 0.634470 -0.366151 0.382532 -0.923470 -0.029533 0.746523 -0.578023 0.329535 0.741061 -0.639387 0.204968 0.308339 -0.027402 -0.950882 0.259124 -0.031568 -0.965328 -0.486095 -0.726535 -0.485653 0.417489 -0.907704 0.042153 0.720218 -0.693241 0.026528 0.481148 -0.868806 0.116928 0.195007 0.138525 0.970970 -0.091397 0.392310 0.915281 
						0.032762 -0.038058 0.998738 -0.342558 -0.702897 0.623370 -0.808434 -0.489017 0.327563 -0.525093 -0.325928 0.786160 -0.546579 -0.055145 0.835590 -0.230742 0.120740 0.965495 -0.065076 0.163117 0.984458 -0.254330 0.514271 0.819050 -0.128679 0.345058 0.929718 -0.629438 -0.029434 -0.776493 0.681612 -0.571940 -0.456387 0.566037 -0.559745 -0.605217 -0.636067 0.769104 -0.062430 0.818521 -0.571105 0.062149 -0.231123 0.687074 0.688847 0.052896 0.969820 -0.238014 -0.313616 0.389020 0.866204 -0.550462 0.711139 0.437347 -0.725645 0.684811 0.066879 -0.559707 -0.719957 -0.410354 0.735007 -0.589163 -0.335636 0.432037 -0.604920 0.668891 0.486752 -0.822592 -0.293965 0.420312 -0.886471 -0.193665 0.431754 -0.901826 -0.017290 0.808418 -0.325295 -0.490554 0.529354 0.567070 -0.631044 0.686878 0.693377 -0.217777 -0.317421 0.639080 -0.700586 0.774972 -0.618463 -0.130082 0.041196 0.315432 0.948054 -0.044004 0.264106 0.963489 -0.182247 0.268224 0.945961 0.783353 -0.103187 0.612952 0.250824 -0.340705 0.906095 0.067570 0.059055 -0.995965 0.060209 -0.284271 -0.956852 -0.087880 -0.454112 -0.886600 -0.291239 -0.433981 -0.852549 0.729342 -0.264597 -0.630911 -0.254855 -0.501034 -0.827051 -0.083552 -0.557535 -0.825938 -0.165556 -0.488349 -0.856800 0.999210 0.025483 0.030492 0.933098 -0.356886 0.044266 -0.901464 -0.386415 0.195056 0.858940 -0.494443 -0.133220 -0.882752 -0.462577 0.082290 -0.043356 -0.674530 -0.736973 -0.153540 0.387857 0.908841 -0.120503 -0.611526 0.781994 -0.070029 -0.984459 0.161049 0.315509 -0.777822 -0.543551 -0.295827 0.310810 -0.903263 -0.082298 -0.379789 -0.921405 -0.442448 0.440415 -0.781201 -0.487553 0.657617 -0.574310 -0.454679 0.702346 -0.547702 -0.473600 0.576410 -0.665924 -0.555409 0.825460 -0.100675 -0.001180 0.911288 0.411768 -0.578568 0.766061 0.280019 0.386437 0.040315 -0.921434 -0.608138 0.537961 -0.583752 
						0.847511 -0.091283 -0.522869 0.756931 0.653133 0.021742 -0.671465 -0.253467 -0.696339 0.236470 0.101692 -0.966302 0.763895 -0.573115 -0.296654 0.813590 -0.444819 0.374442 0.742262 -0.199994 0.639570 0.571950 -0.529674 0.626353 -0.215568 0.252877 0.943177 -0.224203 0.310704 0.923686 0.291975 -0.083770 -0.952750 -0.002085 -0.624083 0.781355 -0.517746 0.810500 0.273914 -0.688250 0.707133 -0.162096 -0.362922 0.707000 -0.606991 -0.548784 -0.158646 -0.820773 -0.400155 0.037713 -0.915671 -0.157092 0.658775 0.735756 -0.381853 0.381700 -0.841720 0.055275 -0.019396 -0.998283 -0.515380 0.820017 -0.248910 -0.390507 0.191547 0.900452 -0.381134 0.843373 -0.378759 -0.633701 0.539462 -0.554440 0.919037 0.164706 -0.358110 0.686496 0.297290 -0.663583 0.808629 -0.440386 -0.390102 -0.383921 -0.115156 -0.916157 -0.597668 -0.361090 -0.715826 0.969112 0.140109 -0.202955 0.893457 0.103181 -0.437136 -0.523591 0.155379 -0.837681 -0.689697 0.567264 -0.450033 -0.459461 -0.224410 -0.859381 0.869384 0.323125 -0.373849 -0.414337 0.907629 -0.067337 -0.516202 0.856371 0.012850 -0.652308 0.757937 -0.005121 -0.305687 0.013614 0.952035 -0.511874 0.561970 0.649749 -0.205548 0.741256 0.638975 0.150217 -0.380007 -0.912705 -0.082298 -0.379789 -0.921405 -0.305687 0.013614 0.952035 -0.083533 0.603513 0.792966 -0.311519 0.316553 0.895963 -0.128970 0.002520 0.991645 0.942324 0.004463 0.334672 -0.062697 -0.244080 -0.967726 -0.277683 0.899744 0.336680 -0.034291 0.862775 0.504424 -0.124642 0.839533 0.528818 -0.149784 0.871707 0.466574 -0.223619 0.642958 0.732529 0.036857 -0.587228 -0.808582 0.204012 -0.296729 -0.932915 0.084081 -0.118394 0.989400 -0.040194 -0.466257 0.883736 -0.546579 -0.055145 0.835590 -0.808434 -0.489017 0.327563 -0.350501 -0.087765 0.932441 0.773706 -0.627505 -0.087269 0.804925 0.132720 -0.578344 0.748720 0.121079 -0.651735 
						0.713292 -0.681518 0.163549 -0.094297 0.106405 -0.989841 -0.040517 0.048721 0.997990 0.447797 -0.854455 0.263410 0.372875 -0.927724 -0.017110 -0.150867 0.716316 0.681271 -0.081287 0.177797 0.980704 -0.302090 -0.397328 -0.866529 -0.158284 0.402299 0.901721 -0.704013 0.674107 0.223486 -0.474697 -0.507553 -0.719063 -0.524537 -0.768812 -0.365772 -0.406363 -0.852517 -0.328762 0.281758 -0.937983 -0.201993 0.345848 -0.688882 -0.637048 0.788351 0.072042 -0.610993 -0.381384 -0.011973 0.924339 0.618242 0.683084 0.388811 0.139041 -0.914421 0.380133 0.487237 0.842284 -0.230558 0.756931 0.653133 0.021742 -0.402746 -0.518185 -0.754506 -0.353292 0.331680 0.874742 -0.677843 0.175514 0.713950 -0.089333 0.387553 0.917509 0.621874 -0.580029 0.526155 -0.722311 -0.504647 0.472861 -0.432346 0.472700 0.767875 -0.269747 0.033034 0.962364 0.023290 -0.135125 0.990555 -0.281778 -0.950599 -0.130238 -0.504443 -0.717290 -0.480658 -0.608563 0.018841 -0.793282 0.382653 -0.321184 0.866266 0.320536 -0.383862 0.865972 0.197816 -0.461910 0.864586 0.568056 -0.592033 0.571672 0.867524 -0.309509 -0.389367 0.820316 -0.547970 0.163737 0.164296 0.791159 0.589130 -0.106634 0.750906 0.651744 -0.257914 0.490558 0.832366 -0.274819 0.587263 0.761313 -0.174854 0.899010 0.401506 -0.337761 0.919624 -0.200521 -0.303206 0.952249 -0.035880 -0.192310 0.763240 0.616832 -0.140635 0.641165 0.754407 -0.099240 0.320504 0.942034 -0.113418 0.772004 0.625417 -0.272309 0.676596 0.684153 -0.530388 0.845479 0.062088 0.591217 -0.415562 -0.691210 0.702777 -0.422013 -0.572722 0.746375 -0.433456 -0.505015 0.714356 -0.477777 -0.511297 0.746375 -0.433456 -0.505015 0.694889 -0.297213 -0.654823 -0.082298 -0.379789 -0.921405 0.728778 -0.514015 0.452405 0.503057 -0.000096 -0.864253 -0.517746 0.810500 0.273914 -0.491471 0.057018 0.869025 0.820365 0.488865 0.296669 
						0.027598 0.999484 -0.016457 -0.216038 0.218815 0.951550 -0.116178 0.449046 0.885924 -0.347923 0.933519 -0.086558 0.349282 -0.120933 -0.929181 -0.248607 -0.363595 0.897771 0.559750 -0.351348 0.750490 0.559750 -0.351348 0.750490 -0.428033 -0.693491 -0.579533 0.716445 -0.692975 -0.080579 -0.525963 0.561516 0.638797 -0.478920 0.874243 -0.079593 -0.432968 -0.848002 -0.305666 0.750287 -0.011889 -0.661005 0.315919 0.317089 -0.894231 0.964659 -0.213165 0.154897 0.890367 -0.450713 0.064064 -0.624252 0.689848 -0.366631 -0.473600 0.576410 -0.665924 -0.299909 -0.490915 -0.817959 0.863206 -0.007849 -0.504791 -0.413380 0.504198 0.758222 0.168762 0.823116 0.542217 0.905592 0.414728 -0.088904 -0.128978 0.833492 0.537268 -0.350501 -0.087765 0.932441 0.522267 -0.789130 0.323280 0.747524 -0.322475 0.580704 -0.490192 0.443959 0.750075 0.345125 0.934068 -0.091679 0.126890 0.742181 -0.658078 -0.478920 0.874243 -0.079593 -0.988076 -0.153961 0.001175 -0.350693 0.930667 -0.104276 0.975831 0.131087 0.174845 0.858940 -0.494443 -0.133220 -0.386792 0.444021 0.808231 -0.272660 0.494348 0.825395 0.777326 -0.488791 -0.396040 0.780859 -0.570778 0.253915 -0.246536 0.341120 0.907115 -0.317059 0.373073 0.871946 0.691812 0.371225 -0.619345 0.767202 -0.273962 -0.579953 0.131127 0.660621 -0.739179 0.644955 -0.075054 0.760526 -0.628328 0.777835 0.013336 -0.262932 0.849511 0.457382 0.377517 -0.915318 0.140265 0.583167 -0.504565 0.636656 0.559750 -0.351348 0.750490 0.583167 -0.504565 0.636656 0.308339 -0.027402 -0.950882 -0.608138 0.537961 -0.583752 -0.319256 0.938287 -0.133013 -0.512643 -0.163196 0.842949 -0.798776 0.401257 -0.448273 0.788351 0.072042 -0.610993 0.125527 -0.236484 0.963493 -0.689697 0.567264 -0.450033 -0.761375 0.303185 -0.573050 -0.562631 0.536180 -0.629251 -0.761375 0.303185 -0.573050 -0.306452 0.530538 0.790327 
						0.948408 0.315649 -0.029782 0.070423 0.402464 -0.912723 -0.630915 0.750001 -0.198605 0.364404 -0.588530 -0.721694 -0.042804 0.467617 0.882894 0.010852 -0.176079 0.984316 -0.746076 0.503351 0.435900 -0.070029 -0.984459 0.161049 -0.116376 -0.373078 -0.920472 0.725298 -0.646085 -0.237734 -0.096675 0.710122 0.697410 -0.168857 -0.428499 -0.887624 -0.338369 0.427523 0.838290 -0.866967 -0.167369 0.469420 -0.609162 -0.240902 -0.755571 -0.383921 -0.115156 -0.916157 -0.550462 0.711139 0.437347 -0.336948 0.342862 0.876876 -0.791300 0.218787 -0.570944 -0.515380 0.820017 -0.248910 -0.292554 0.906872 -0.303308 -0.305381 0.351560 0.884956 0.320536 -0.383862 0.865972 0.587666 0.276797 -0.760284 0.095013 -0.533430 0.840491 -0.350693 0.930667 -0.104276 0.084081 -0.118394 0.989400 -0.486095 -0.726535 -0.485653 
					</float_array>
					<technique_common>
						<accessor count="1116" offset="0" source="#meshId0-normals-array" stride="3">
							<param name="X" type="float" />
							<param name="Y" type="float" />
							<param name="Z" type="float" />
						</accessor>
					</technique_common>
				</source>
				<source id="meshId0-tangents" name="meshId0-tangents">
					<float_array id="meshId0-tangents-array" count="3348"> 
						0.528957 -0.322068 -0.785160 0.399134 -0.121798 -0.908767 0.284214 -0.056580 -0.957090 -0.679306 -0.183217 0.710615 -0.800809 -0.076067 0.594069 -0.608526 -0.127737 0.783185 -0.901556 0.004297 0.432641 0.538179 0.182319 0.822875 0.472845 0.342169 0.811996 0.538157 0.185924 0.822082 0.632712 -0.651243 0.418997 0.728157 -0.622906 0.285964 0.681891 -0.644991 0.344980 -0.355113 -0.880111 -0.315119 -0.631377 -0.624069 -0.460327 -0.262349 -0.862619 -0.432507 0.914520 0.390880 -0.104236 0.930343 0.347845 0.116045 0.927137 0.351711 -0.129292 0.966771 0.250823 0.049423 0.977835 0.208329 -0.020906 0.963128 0.268906 -0.008604 0.299861 -0.880962 -0.366046 0.343731 -0.919198 -0.192157 0.019587 -0.970492 -0.240338 0.388699 0.516380 0.763062 0.542452 0.178123 0.820986 0.418307 0.430161 0.799988 0.427260 -0.763702 0.483950 0.346188 -0.821635 0.452846 0.304330 -0.878697 0.367797 0.604238 -0.742223 0.289830 0.561464 -0.808132 0.177991 0.401363 -0.896789 -0.186220 0.483151 -0.863393 0.145317 0.316868 -0.892245 0.321703 0.395625 -0.910887 -0.117323 0.890810 0.447775 -0.077170 0.886681 0.449827 -0.107020 0.867083 0.448561 -0.216701 0.220221 -0.017894 0.975286 0.262583 -0.109752 0.958647 0.360154 -0.212116 0.908458 0.530188 -0.612835 0.585947 0.513601 -0.734664 0.443264 0.503670 -0.815167 0.286039 0.136645 0.569356 0.810655 0.006071 0.563886 0.825831 0.246761 0.365796 0.897386 0.058498 0.051681 -0.996949 0.108131 -0.038273 -0.993400 0.187401 0.018349 -0.982112 0.638043 -0.747959 -0.182916 0.498101 -0.792826 -0.351173 0.032243 -0.970231 -0.240025 0.969986 0.164445 -0.179123 0.957295 0.217872 -0.190049 0.962979 0.193228 -0.187977 0.338162 0.329436 -0.881543 0.144539 0.236021 -0.960938 0.316210 0.100771 -0.943322 0.860800 0.468202 0.199524 0.667456 0.499149 0.552588 0.812200 0.484685 0.324672 
						0.611985 -0.112119 0.782882 0.615081 0.158468 0.772375 0.620050 0.104450 0.777578 0.599532 -0.579886 -0.551628 0.614393 -0.393211 -0.684037 0.639373 -0.557802 -0.529206 0.537335 -0.288908 -0.792341 0.604636 -0.389733 -0.694639 0.155056 -0.946361 -0.283474 0.081830 -0.928109 -0.363205 0.303764 -0.771576 -0.558925 0.216171 -0.851884 -0.477036 0.148434 -0.898282 -0.413590 0.021270 -0.958582 -0.284020 0.656048 0.697748 0.287661 0.881679 0.454666 0.126177 0.781140 0.576388 0.239994 0.904187 0.423086 -0.058684 0.871944 0.466400 0.148943 0.880433 0.457379 0.125065 0.258819 -0.906141 0.334547 0.270704 -0.906623 0.323657 0.090683 -0.966328 0.240804 0.466023 -0.882979 0.056308 0.260249 -0.961201 -0.091453 0.598676 -0.798155 0.067342 0.500109 -0.307521 -0.809520 0.375751 -0.198982 -0.905106 0.412410 -0.179954 -0.893048 0.908832 0.196448 -0.368011 0.931847 0.362825 0.004358 0.915229 0.376251 0.144193 0.287246 -0.205066 -0.935648 0.308093 -0.130666 -0.942340 0.292109 -0.112699 -0.949722 0.557865 -0.805669 -0.199207 0.524534 -0.839760 -0.140241 -0.421791 -0.834666 -0.354153 -0.115707 -0.991812 -0.054050 -0.444238 -0.838174 -0.316413 -0.110284 -0.991336 0.071345 -0.442792 -0.828020 -0.343973 -0.358357 -0.918465 -0.167336 0.938770 0.340825 -0.050495 0.943773 0.309127 -0.117188 0.938097 0.337487 -0.077953 -0.577286 -0.645368 -0.500241 -0.405229 -0.875284 -0.263946 -0.482101 -0.719581 -0.499781 0.559505 -0.792757 0.241849 0.530097 -0.835635 0.143916 0.411881 -0.906940 0.088395 0.530870 -0.384020 0.755451 0.568600 -0.391494 0.723483 0.548786 -0.704438 0.450112 0.498815 -0.244995 0.831361 0.369745 -0.177935 0.911936 0.458143 -0.244133 0.854695 0.617406 -0.397111 0.679053 0.682383 -0.346082 0.643880 0.564462 -0.301415 0.768461 0.915170 0.390815 0.098622 -0.422753 -0.803023 -0.420039 -0.413098 -0.852265 -0.320929 
						-0.368180 -0.828869 -0.421212 0.505192 -0.167892 0.846518 0.663295 -0.343556 0.664838 0.206039 -0.922144 -0.327413 0.697490 0.628837 0.343616 0.745684 0.639299 0.187757 0.714794 0.643957 0.272742 0.873484 0.457504 -0.166481 0.905431 0.422165 0.044412 0.414759 -0.318787 -0.852261 -0.244008 -0.953024 0.179459 -0.061106 -0.993124 -0.099857 0.067875 -0.974567 0.213568 0.182100 0.061499 0.981355 -0.086996 0.249009 0.964586 0.212114 -0.098999 0.972217 0.841979 -0.369390 -0.393221 0.635021 -0.526143 -0.565616 0.753894 -0.436216 -0.491283 0.929576 0.365094 0.050934 0.957369 0.262434 -0.120717 0.934705 0.324501 -0.145002 0.916247 0.281605 -0.284940 0.904907 0.425602 0.002407 0.918174 0.396068 0.009361 0.470150 -0.615025 -0.633011 0.475715 -0.574550 -0.666024 0.551136 -0.570822 -0.608614 0.236742 -0.814617 -0.529484 -0.041354 -0.965902 -0.255582 -0.025635 -0.995755 -0.088404 -0.134621 -0.990870 -0.007399 -0.145547 -0.962381 0.229433 -0.203128 -0.958118 -0.201861 -0.405525 -0.913543 0.031437 0.010257 -0.992580 -0.121160 -0.133033 0.504562 0.853065 -0.143164 0.436746 0.888120 0.420604 -0.048065 0.905970 0.517453 -0.249239 0.818610 0.457558 -0.209523 0.864142 0.385641 -0.787426 0.480876 0.258152 -0.733823 0.628379 0.683161 0.253771 0.684756 0.593416 -0.217574 0.774931 0.983352 0.181630 0.005496 0.876598 0.455974 -0.153830 0.939172 0.337905 -0.061454 0.834408 0.398613 0.380620 0.900913 0.369218 0.228111 0.893741 0.370802 0.252455 0.269152 -0.184538 -0.945253 0.053116 -0.105726 -0.992976 0.364617 -0.415779 -0.833176 -0.626550 0.080934 0.775168 -0.726881 -0.086982 0.681233 0.691031 0.562300 -0.454197 -0.243227 0.712393 -0.658283 0.285668 0.510319 -0.811152 0.439306 0.301215 0.846333 0.185727 -0.201390 0.961742 -0.028185 -0.056225 0.998020 0.322503 -0.140172 0.936132 -0.381491 0.420721 0.823079 
						-0.034315 0.137541 0.989901 0.735599 0.438364 0.516460 0.908146 0.369719 0.196414 0.750836 0.408441 0.519058 0.168701 -0.568193 -0.805417 0.826900 -0.283227 -0.485817 0.237753 -0.500989 -0.832156 0.139700 -0.184174 -0.972915 0.086848 0.051453 -0.994892 0.276945 -0.080866 -0.957477 -0.864083 -0.233920 -0.445693 -0.903776 -0.354940 -0.239180 -0.739288 -0.271412 -0.616270 0.136843 0.471681 0.871086 0.221302 0.345424 0.911980 0.063362 0.356016 0.932329 -0.376589 -0.352668 -0.856625 0.045685 0.208660 0.976921 -0.119672 0.469043 0.875030 -0.139569 0.348215 0.926966 0.913760 -0.312094 0.260076 0.986300 -0.164905 0.004197 0.902228 -0.338319 0.267440 0.439479 -0.210156 -0.873323 0.666815 -0.459594 -0.586627 0.337472 -0.037092 -0.940604 0.320364 0.219312 0.921558 0.441435 0.255968 0.860009 0.362092 0.558111 0.746593 0.425764 -0.770908 0.473736 0.420240 -0.733567 0.534114 0.437630 -0.702505 0.561220 0.272059 -0.925303 0.264192 0.571029 -0.094773 0.815441 0.469575 0.069567 0.880148 0.645362 -0.030270 0.763277 -0.041272 0.526091 0.849426 -0.274579 0.595904 0.754656 -0.042602 0.334483 0.941438 0.603300 0.637318 -0.479432 0.347231 0.817420 -0.459625 0.379395 0.813839 -0.440143 -0.381487 0.658554 0.648671 -0.418522 0.568977 0.707887 0.202210 0.842598 -0.499140 0.401430 0.787263 -0.468050 0.480117 0.758248 -0.441075 0.415944 0.190640 0.889183 0.966810 -0.123917 0.223436 0.916362 0.172338 -0.361360 0.910465 0.351687 -0.217644 0.146611 0.742195 -0.653951 0.922586 0.159848 -0.351118 0.793253 0.469930 -0.387190 -0.002971 0.737075 -0.675804 0.575588 -0.365054 -0.731733 0.509568 -0.168993 -0.843672 -0.489373 -0.866038 0.102427 -0.331981 -0.918865 0.213252 -0.422660 -0.875891 0.232752 -0.328310 -0.880758 0.341288 -0.597974 -0.797179 -0.083262 -0.678164 -0.723760 -0.127533 -0.637003 -0.645598 -0.421225 
						0.513543 -0.391793 -0.763395 0.656236 -0.584994 -0.476588 0.139502 -0.045639 -0.989169 0.806004 -0.567447 -0.168408 0.752958 -0.531025 0.388673 0.400656 -0.309891 0.862231 0.910565 -0.274576 0.308999 0.565313 -0.729942 0.384195 0.543468 -0.233276 0.806365 0.370598 -0.925312 0.080345 0.565300 -0.618371 -0.545942 0.567767 -0.661453 0.490021 0.545624 -0.755156 -0.363366 0.321238 -0.497624 -0.805715 0.618224 -0.323833 0.716192 0.299739 -0.198773 0.933084 0.263232 -0.090290 -0.960498 0.051824 0.035803 -0.998014 0.551114 -0.517426 -0.654632 0.747730 -0.663894 -0.012046 0.592935 0.717508 0.365527 0.640737 0.505263 0.578070 0.659323 0.589897 0.466171 0.345076 0.889625 0.299149 0.094675 0.973584 0.207778 0.094477 0.985226 0.142840 0.543608 -0.067387 0.836630 0.613485 -0.343489 0.711092 -0.010189 0.285630 0.958286 0.308398 0.012888 0.951170 0.391683 -0.209435 -0.895947 0.412163 -0.388532 -0.824114 0.238970 -0.116500 -0.964013 0.923107 0.306416 -0.232342 0.928077 0.210144 -0.307429 0.785837 -0.145916 -0.600974 0.669735 -0.550183 -0.498752 0.011350 -0.553687 -0.832648 -0.639560 -0.465894 -0.611478 0.585816 0.055078 -0.808571 -0.373574 -0.790793 -0.484859 -0.905880 -0.202758 -0.371848 0.094489 0.045302 -0.994495 0.988008 0.148738 -0.041452 0.802133 0.086826 -0.590799 0.928554 0.322302 0.184142 0.971242 0.235922 0.032102 0.117880 -0.990920 -0.064664 -0.180565 -0.943511 -0.277818 0.211584 -0.183193 0.960038 0.325415 -0.107124 0.939483 0.203419 0.277794 0.938856 0.352195 0.075049 0.932913 0.147765 0.386126 0.910534 -0.021459 -0.296686 -0.954734 -0.032852 -0.473637 -0.880107 0.031990 -0.471919 -0.881062 -0.331243 -0.140697 -0.932996 0.505093 -0.380552 -0.774636 0.910460 0.382242 0.157971 0.420735 -0.754063 0.504352 0.459617 -0.769862 0.442792 -0.286061 -0.940731 -0.182196 0.126968 -0.975956 0.177170 
						0.950169 0.290949 -0.111927 0.628795 0.677987 0.380724 0.618015 0.640088 0.456448 0.577984 0.681281 0.449210 0.848636 0.524538 0.068391 0.888402 0.435012 -0.146649 0.915383 0.354149 -0.191448 0.984087 0.169866 -0.052142 0.893834 0.405438 0.191525 0.977122 0.198864 0.075408 0.476383 -0.762356 0.438033 0.432446 -0.796184 0.423180 0.466534 -0.841436 0.272639 0.843206 0.295916 -0.448817 0.847520 0.192203 -0.494740 0.802596 0.239991 -0.546117 0.896444 0.443132 0.004720 0.925517 0.144031 -0.350249 0.622515 -0.478901 0.618974 0.579373 -0.542774 0.608049 0.631252 -0.453524 0.629156 0.175173 -0.934537 0.309767 0.135275 -0.950017 0.281369 0.379610 -0.819948 0.428464 0.977425 0.191080 0.090162 0.932323 0.331228 0.145123 0.927026 0.354064 0.123538 0.907740 -0.027997 -0.418599 0.952657 -0.004553 -0.304012 0.841770 0.241607 -0.482752 0.927854 0.368885 -0.054875 0.851206 0.511338 -0.118246 0.942890 0.333095 0.002434 -0.343202 -0.936813 -0.067774 -0.097390 -0.995030 -0.020732 -0.147960 -0.977645 -0.149391 0.885741 -0.279477 -0.370616 0.721254 -0.507823 -0.471071 0.978431 0.073385 -0.193100 -0.117526 -0.978752 -0.168023 -0.382425 -0.923737 -0.021454 0.965510 -0.002885 -0.260350 0.626836 0.505155 0.593207 0.273871 0.497740 0.822952 0.354833 0.454100 0.817244 0.378531 -0.714358 0.588563 0.903660 -0.294878 -0.310558 0.363626 -0.110454 0.924974 0.912855 0.377956 -0.154417 0.866712 0.350235 -0.355170 0.640294 0.518827 0.566429 -0.167624 -0.985453 -0.028016 -0.155533 -0.986872 -0.043501 0.214992 -0.932281 0.290912 0.728397 -0.684982 -0.015402 0.452962 -0.441389 0.774598 0.645862 -0.656693 0.389380 0.587205 -0.800658 0.118895 0.134422 -0.973373 0.185674 0.256499 -0.911700 0.320954 -0.038415 -0.994117 0.101267 0.380882 -0.834464 0.398244 -0.395960 -0.873804 -0.282282 0.379985 -0.886404 -0.264384 
						0.694438 -0.055904 -0.717378 0.656866 -0.064010 -0.751286 0.590965 -0.797820 0.119351 0.604123 -0.789178 0.110603 0.569099 -0.822048 0.019045 0.150597 -0.967346 -0.203868 0.335886 -0.939922 -0.061044 0.473558 -0.872728 0.118696 0.313418 -0.787852 0.530150 0.343840 -0.834254 0.431039 0.871844 -0.440428 -0.214268 0.919125 -0.126422 -0.373130 0.760350 0.163047 -0.628715 0.919599 -0.353214 -0.171980 0.681204 -0.180423 -0.709513 0.503833 0.033152 0.863165 0.639031 -0.174640 0.749093 0.480471 0.071809 0.874066 0.160554 0.652958 0.740181 0.160310 0.626730 0.762568 -0.009476 0.719390 0.694542 0.880027 0.472983 -0.042885 0.891512 0.452997 -0.000171 0.897087 0.440817 0.030257 -0.725951 0.036360 0.686784 -0.626522 -0.776697 -0.064900 0.793679 0.599776 0.101699 0.906842 0.421388 0.008379 0.916364 0.396429 0.055863 0.842624 0.489836 0.223708 0.908397 0.403119 0.110951 0.823390 0.449222 0.346741 0.881074 0.445017 0.160214 0.930050 0.366028 -0.032094 0.909361 0.410485 0.067567 0.891968 0.440491 0.101787 0.164624 -0.650522 0.741431 0.080970 -0.577735 0.812198 -0.100879 -0.738672 0.666474 0.456080 -0.864304 0.212061 0.457639 -0.888509 0.033452 0.928713 0.363526 -0.073088 0.938198 0.276798 -0.207768 0.907054 0.397878 0.137646 0.942412 0.315779 0.110199 0.114643 -0.626793 0.770706 -0.052870 -0.775111 0.629610 0.082879 -0.923947 0.373434 -0.560459 -0.828174 -0.003731 -0.600521 -0.576949 0.553628 -0.997514 0.026190 -0.065416 0.951396 0.307166 -0.022251 0.960017 0.277035 -0.040234 0.919026 0.387126 0.074325 0.935893 0.348761 0.049705 0.918054 0.386116 0.089952 0.102414 -0.913077 -0.394718 0.050546 -0.998469 -0.022487 -0.038781 -0.960661 -0.275002 0.930445 0.365401 0.027475 0.911794 0.408894 -0.037913 0.863551 0.485065 -0.137813 0.765871 0.593614 -0.247113 0.792562 0.580242 -0.187524 
						0.691283 -0.191002 0.696883 0.601014 -0.579346 0.550582 0.288910 -0.911971 0.291273 0.462625 -0.744821 0.480854 -0.258101 0.714238 0.650575 0.344092 0.101359 0.933449 0.624237 0.411565 0.664036 0.626803 0.346090 0.698097 0.425918 0.717077 0.551720 0.538279 0.781917 0.314423 0.446891 0.800770 0.398818 0.638264 -0.439949 -0.631715 0.648469 -0.578917 -0.494310 0.332201 -0.847069 -0.414870 0.138968 -0.936330 -0.322450 0.418532 -0.035390 0.907512 0.352230 -0.183455 0.917757 0.284334 0.011606 0.958655 -0.027991 -0.920847 0.388918 0.211471 -0.974893 -0.069736 0.289867 -0.956628 0.028978 0.135130 -0.207503 -0.968856 0.445844 -0.694947 0.564155 0.122877 -0.731563 0.670609 0.500269 -0.647593 0.574765 0.720342 -0.414079 0.556459 0.997482 0.070775 -0.004427 0.916021 0.340996 0.211251 0.349833 0.356910 0.866159 0.457128 0.238532 0.856818 0.488037 -0.850211 0.197387 0.543209 -0.334005 -0.770302 0.471480 -0.191578 -0.860816 0.500253 -0.315679 -0.806284 -0.164772 0.669574 -0.724238 0.182247 0.484631 -0.855522 0.574053 -0.250346 -0.779609 0.475661 -0.725471 0.497431 0.224229 -0.968820 0.105404 -0.060458 -0.982227 -0.177693 0.084705 -0.942357 -0.323710 0.643914 -0.709339 -0.286727 -0.088681 -0.989414 -0.114869 0.588720 -0.800548 -0.111948 -0.406050 -0.913350 -0.030255 -0.550206 -0.834007 -0.041312 -0.505105 -0.858532 -0.088269 0.385990 0.504729 0.772179 0.447999 0.138491 0.883242 0.348275 0.311707 0.884050 0.248345 0.849415 0.465638 0.453405 0.692175 0.561532 0.517670 0.476161 0.710836 0.505727 -0.004095 0.862684 0.367444 -0.930045 0.001085 0.541405 -0.831259 0.126050 0.611411 -0.770584 0.179935 0.667466 -0.636253 0.386875 0.922076 0.383051 0.055200 0.952719 0.303313 -0.018078 0.934889 0.353127 -0.035836 0.980459 0.140439 -0.137759 0.933060 0.359432 -0.014400 0.938661 0.344840 0.000339 
						0.822480 0.513569 0.244484 0.803345 0.537786 0.255778 0.894066 0.412147 -0.175444 -0.253383 0.619970 0.742586 -0.139516 0.654949 0.742682 0.866434 0.414774 0.277948 0.906300 0.420974 -0.037426 0.897848 0.289771 -0.331513 0.921405 0.318176 -0.223108 0.913151 0.337677 -0.228320 -0.135951 0.637234 0.758584 0.280934 0.348368 0.894268 0.895482 0.442584 -0.047235 0.670723 0.471341 0.572685 0.893882 0.433062 0.115898 0.576759 -0.491290 0.652674 0.795566 -0.605003 -0.032337 0.896445 0.401742 0.187056 0.185584 -0.141630 0.972368 0.903045 0.414756 0.111747 0.907241 0.417319 0.052527 0.216543 0.967739 0.128800 0.119848 0.992459 0.025724 0.699100 -0.627470 0.342842 0.643655 -0.600058 0.475014 0.580223 -0.341945 0.739199 0.700250 -0.366431 0.612681 0.480475 -0.051739 0.875481 0.696514 0.290355 -0.656173 0.671505 0.237735 -0.701828 0.612589 0.295254 -0.733185 0.958229 0.285827 -0.009996 0.941441 0.322622 0.097998 0.024999 -0.650084 0.759451 0.066677 -0.518278 0.852609 -0.082053 -0.719185 0.689957 0.649624 -0.630133 0.425347 0.280629 -0.950334 -0.134584 0.486697 -0.873174 -0.026334 0.602626 0.688914 0.402790 0.546312 0.724338 0.420568 0.768504 0.637563 0.053999 0.927072 0.373214 0.035328 0.901849 0.424594 0.079932 0.921209 0.379072 -0.087627 -0.443493 -0.889409 -0.110754 -0.296245 -0.881055 0.368756 -0.297299 -0.916898 0.266292 -0.195474 -0.777968 0.597123 -0.225601 -0.874323 0.429725 -0.157786 -0.879054 0.449853 0.760606 0.642905 -0.090287 0.813095 0.455624 -0.362330 0.823161 0.564685 -0.059467 0.876903 0.411623 -0.248208 0.790242 0.510864 -0.338431 -0.484561 -0.841237 -0.239835 -0.362545 -0.915385 0.175014 0.797684 0.286482 -0.530687 0.804251 0.355880 -0.475951 0.739769 0.570704 -0.356424 0.826322 0.311362 -0.469304 0.849731 0.485956 0.204459 0.499760 0.521401 -0.691651 
						0.531738 0.314778 -0.786237 0.270195 -0.754653 -0.597908 0.105918 -0.911681 0.397013 -0.570629 -0.815829 -0.093837 -0.966573 0.255682 -0.019056 0.949427 0.311435 -0.039950 0.935987 0.344674 -0.071616 0.960791 0.263731 -0.085594 0.964514 0.052858 -0.258688 0.157004 -0.025949 -0.987257 0.195857 0.084767 -0.976962 0.878080 0.478449 0.007921 0.814787 0.579176 0.026033 0.002973 0.317482 -0.948260 0.119812 0.218305 -0.968498 0.629044 -0.597933 -0.496770 0.273113 -0.454429 -0.847882 0.521520 -0.853126 0.013900 0.358726 -0.878495 -0.315536 -0.445578 -0.884531 0.138076 0.558029 -0.387188 -0.733954 0.492109 -0.390946 -0.777811 0.269189 0.041437 -0.962196 0.958071 0.286531 0.000295 0.941695 0.328047 0.074805 0.928691 0.356555 -0.101985 0.539802 -0.517274 0.664109 0.146591 -0.918630 -0.366920 -0.019037 -0.973746 -0.226838 0.025919 -0.967600 -0.251155 0.023373 -0.959720 -0.279986 0.037601 -0.948635 -0.314131 0.307132 -0.879689 0.363065 0.408165 -0.889212 0.206650 0.322097 -0.737019 -0.594186 0.887364 0.427709 0.172190 0.716315 0.689030 0.110140 0.581273 0.653592 0.484705 0.924785 0.377715 0.045877 0.944793 0.316103 -0.086287 0.914465 0.369144 0.165787 0.890262 -0.440494 -0.115750 0.959625 0.277656 0.045034 0.761944 -0.488262 -0.425491 0.929648 0.334265 0.154989 0.309751 -0.584136 0.750226 0.212602 -0.784326 0.582781 0.473461 -0.570253 0.671302 0.705195 0.511143 0.491358 0.658301 -0.055099 0.750735 0.383839 -0.723495 -0.573779 0.075849 -0.250120 -0.965239 -0.315841 -0.332526 -0.888634 0.775480 0.338278 -0.533103 0.785135 0.303125 -0.540073 0.190536 0.330502 0.924372 -0.016455 0.452619 0.891552 0.139980 0.357931 0.923196 -0.211630 0.459265 0.862722 0.940287 0.340321 0.006459 0.917173 0.349531 -0.191367 0.793237 -0.563253 0.231349 0.590836 -0.804564 0.059916 0.850554 0.482397 0.209408 
						0.890416 0.433641 0.138254 0.928545 0.370895 -0.015538 0.418500 -0.907777 0.028278 -0.277949 -0.940278 -0.196524 0.311037 -0.202204 -0.928639 0.090197 -0.011614 -0.995856 0.302944 -0.122807 0.945063 -0.533214 0.021949 -0.845696 -0.564525 -0.444089 -0.695770 -0.670872 -0.384645 -0.634019 0.790140 0.588498 0.171313 0.651493 0.687079 0.321682 0.515896 -0.598344 -0.613055 0.074781 -0.845832 -0.528182 0.212169 -0.891093 -0.401171 0.957297 0.286925 0.035440 0.902985 0.428624 -0.029999 0.921971 0.376427 -0.090954 0.547389 -0.809252 -0.213251 0.680108 -0.619581 -0.391883 0.859569 0.195679 -0.472071 0.841555 0.171744 -0.512142 0.929263 0.093465 -0.357400 0.405874 0.458388 0.790662 0.483669 0.677238 0.554449 0.338644 0.437063 0.833244 0.499548 -0.519854 0.692967 0.442837 0.111813 0.889603 0.325197 -0.513633 0.793995 0.810705 0.570264 0.132496 0.789850 0.584292 0.186387 0.470306 -0.874462 0.118862 0.912599 0.401687 0.076227 0.879009 0.473238 0.058216 0.526247 -0.444419 0.724952 0.594227 -0.788328 0.159478 -0.198366 -0.923357 -0.328730 0.915568 0.370880 0.155511 0.558489 0.822075 0.110824 0.613116 0.233237 0.754778 0.600290 -0.227178 0.766839 0.393085 -0.146670 0.907729 0.016591 -0.233581 0.972196 -0.319618 -0.038201 0.946776 0.220100 -0.095486 0.970793 0.184943 -0.177181 -0.966645 -0.723846 -0.143776 0.674815 -0.634068 -0.213988 0.743079 0.767098 -0.538983 -0.347933 0.509283 -0.856388 -0.085030 0.606463 -0.733982 -0.305733 0.450941 -0.790786 -0.413895 0.620952 -0.618700 -0.481279 0.369208 -0.909298 -0.191996 -0.227286 -0.943532 -0.241016 0.217010 0.869803 -0.443114 -0.166559 0.220093 0.961154 0.336243 0.087533 0.937699 0.119699 0.052681 0.991412 -0.051863 0.437662 0.897643 0.527601 -0.222758 -0.819766 0.253687 -0.155957 -0.954631 0.493970 -0.321549 -0.807836 -0.131994 0.178295 0.975084 
						-0.190834 0.319395 0.928208 -0.336751 0.365576 0.867729 -0.320668 0.298986 0.898766 -0.639302 0.602110 0.478285 -0.805473 0.454943 0.379791 -0.665292 0.461718 0.586688 0.915241 0.400567 -0.043356 0.883693 0.466321 0.040387 0.867844 0.479064 0.131700 0.826102 0.538590 0.165763 0.596662 -0.682331 0.422398 0.724302 -0.348139 0.595136 0.352234 -0.910198 0.217878 0.621058 -0.509525 -0.595543 0.765032 -0.384037 -0.516954 0.421331 -0.194415 -0.885823 0.513285 -0.241647 -0.823496 0.583537 -0.388626 -0.713060 0.620979 -0.384783 -0.682881 0.679055 -0.562683 -0.471457 0.640337 -0.477437 -0.601683 0.500628 0.427803 0.752567 0.152447 -0.957138 -0.246266 0.205652 -0.892395 -0.401668 0.071793 -0.939660 -0.334493 0.324177 -0.806046 -0.495177 0.288732 -0.103393 -0.951811 0.504399 -0.146907 -0.850882 0.174184 -0.960748 -0.215923 0.532867 -0.376541 -0.757806 0.188063 -0.931303 -0.311939 0.430821 -0.026240 0.902056 -0.023650 0.542992 0.839405 -0.036565 0.545202 0.837507 0.556633 -0.443279 0.702612 0.877099 0.474901 0.071880 0.868377 0.486465 0.096298 0.895777 0.435673 0.088161 0.432987 0.150937 0.888673 0.356254 0.198571 0.913046 0.893160 0.448373 -0.035021 0.580247 0.028908 0.813927 0.537716 0.172547 0.825281 0.882106 0.470791 -0.015654 0.357622 0.045833 0.932741 -0.340557 -0.916459 -0.210055 -0.722963 -0.686953 -0.073624 0.384739 0.556601 0.736323 0.445042 0.557517 0.700794 -0.471097 -0.879024 -0.073374 0.447796 0.408488 0.795372 -0.116713 0.442395 0.889193 0.612132 -0.216047 0.760669 -0.101951 0.317486 0.942766 0.364164 0.395504 0.843185 0.501885 0.102486 0.858841 0.440869 0.171419 0.881051 -0.343797 -0.722817 -0.599448 -0.063549 0.554203 -0.829952 0.975746 0.217443 -0.025252 -0.635993 -0.758555 -0.141797 0.610079 -0.775490 0.162541 0.650104 -0.705654 0.281811 0.693780 -0.719742 -0.025309 
						-0.509346 -0.671784 -0.537840 0.506551 0.486703 0.711707 0.371056 0.476314 0.797146 0.485060 -0.773241 0.408429 0.517331 -0.721089 0.460868 -0.191484 -0.616560 -0.763667 0.524681 -0.655345 0.543353 0.981418 0.078644 -0.175026 -0.872753 -0.475965 -0.108441 -0.905007 -0.241729 -0.350041 -0.519019 -0.811067 -0.269796 0.030216 -0.999122 -0.029025 0.596124 -0.443937 0.668996 0.528848 -0.499123 0.686437 -0.516078 -0.794640 -0.319706 -0.580261 -0.732790 -0.355408 -0.293736 -0.929891 -0.221410 0.499499 -0.852180 0.155854 0.506472 -0.855377 0.108708 0.970245 0.209751 0.120949 0.932735 -0.285161 0.220654 0.768103 0.403689 0.497044 0.773608 -0.441383 -0.454656 0.894537 0.347095 0.281655 0.934297 0.337053 0.116122 0.641451 -0.419645 -0.642214 0.744734 -0.568902 -0.348886 0.359039 0.707089 -0.609193 0.804642 0.553939 -0.213780 -0.025926 0.824562 -0.565177 -0.480933 -0.737792 -0.473674 -0.434772 -0.810574 -0.392356 -0.574243 -0.546220 -0.609827 0.431578 -0.709380 0.557244 -0.309098 -0.951030 0.001173 -0.393312 -0.919405 -0.000074 0.535462 0.088529 0.839907 0.460100 0.368722 0.807683 0.332271 -0.940870 0.066033 0.782014 0.495613 -0.377918 -0.299193 0.066100 -0.951900 -0.363853 0.527353 -0.767795 0.281003 -0.160193 0.946243 0.580123 -0.376633 0.722222 0.933597 0.329848 -0.139992 0.892561 0.422545 -0.157447 0.836479 0.544077 -0.065450 0.757598 0.488220 0.433228 0.813678 0.514096 0.271356 0.615964 0.534692 0.578527 -0.741313 -0.671098 -0.009071 -0.682359 -0.658223 -0.318007 -0.405762 -0.742729 -0.532645 0.133304 0.023533 0.990796 -0.212611 0.262072 0.941337 -0.102513 0.193947 0.975641 0.043426 -0.998137 0.042845 0.221796 -0.970811 0.091284 0.539992 -0.686651 0.486743 0.520252 0.276803 0.807910 0.364051 0.410215 0.836176 0.427513 0.348992 0.833929 0.930722 0.286160 -0.227749 0.979900 0.199097 0.012513 
						0.959532 0.280833 -0.020775 0.695597 0.256242 0.671181 0.495581 -0.265292 0.827055 0.652790 0.438427 0.617776 0.571035 0.705305 0.420075 0.926522 0.330323 0.180119 0.937244 0.348648 0.004187 0.930138 0.362021 0.061516 0.938448 0.345417 0.001688 -0.067630 -0.993415 0.092479 0.600943 0.081712 0.795104 0.718103 -0.025780 0.695459 0.260810 0.138139 -0.955456 0.276945 0.487061 0.828295 0.230665 0.726528 -0.647264 0.485109 -0.233289 -0.842761 -0.247298 0.847283 -0.470058 0.828376 0.530409 0.180166 0.678254 0.695548 0.237031 0.530550 -0.691714 0.489947 0.286047 -0.179372 0.941277 -0.372152 0.556009 0.743207 0.408733 -0.082941 0.908877 0.375870 -0.024164 0.926357 0.404934 0.176665 0.897117 0.403631 -0.300230 0.864259 0.237148 -0.813056 -0.531697 0.440642 -0.635609 -0.633905 0.246413 -0.657827 -0.711719 0.076150 -0.112950 0.990678 0.935577 0.320881 -0.147416 0.938976 0.340272 -0.050389 0.922648 0.379192 0.070237 -0.540974 0.372464 0.754067 0.949968 0.266617 -0.162717 0.254547 -0.966232 -0.040023 0.120182 -0.949553 0.289665 0.545399 -0.766718 0.338649 0.560202 -0.799768 0.215742 -0.429087 -0.895175 -0.120605 0.587326 -0.759659 0.279224 0.646798 -0.660862 0.380674 0.619085 -0.727743 0.295167 0.031052 -0.979519 -0.198942 0.145251 0.486618 0.861455 0.423091 -0.691427 0.585596 0.238770 0.156571 0.958371 0.431897 -0.729968 0.529728 0.510700 -0.648969 0.563937 0.959213 0.279425 0.042802 0.703983 0.502756 0.501642 0.984924 -0.093836 -0.145327 0.881637 0.452133 -0.135249 -0.953999 -0.047925 0.295953 -0.980545 -0.134465 0.143005 0.573851 -0.530374 -0.624018 -0.558746 -0.740460 -0.373527 -0.572653 -0.701516 -0.424198 -0.587053 -0.770240 -0.249196 0.130676 -0.032924 -0.990878 0.250869 0.398870 -0.882025 -0.037343 0.318075 -0.947330 0.384705 -0.915034 0.121305 0.439429 -0.384286 -0.811927 
						-0.114045 -0.993410 -0.011423 0.641760 -0.736650 -0.213284 0.322279 -0.946048 0.033594 0.346916 -0.937795 -0.013796 0.323803 -0.057242 0.944391 0.581161 0.602212 -0.547351 0.607655 0.603231 -0.516592 0.812415 0.260235 -0.521785 0.911362 0.398935 0.101337 0.915159 0.392926 0.089963 0.116810 -0.985576 0.122453 0.672899 0.577120 0.462752 0.468773 0.536583 -0.701663 0.660712 0.518686 -0.542609 -0.502464 -0.697068 -0.511494 0.738012 0.369219 -0.564815 0.769150 0.557069 -0.313181 0.943105 0.321135 -0.086172 0.662531 -0.521936 -0.537248 0.661084 -0.748567 0.051148 -0.682361 -0.216968 0.698075 0.841945 0.469906 0.265174 0.483895 -0.167107 -0.859023 -0.494595 -0.833637 -0.245816 0.023225 -0.929563 -0.367932 0.046100 -0.928559 -0.368310 -0.571828 -0.744228 -0.345164 0.435576 -0.897447 -0.069727 -0.195470 -0.800267 0.566890 0.071508 -0.947233 -0.312467 0.000155 -0.973326 -0.229427 0.299344 -0.886989 -0.351629 -0.044629 -0.653628 -0.755499 0.474322 -0.880030 -0.023790 0.182250 -0.912907 -0.365220 0.305495 0.069002 -0.949690 0.210906 0.141643 -0.967190 0.187791 0.155066 -0.969891 0.743492 0.628042 0.229745 0.825793 0.530330 0.191878 0.938875 0.333604 -0.084983 -0.186848 -0.917455 0.351232 -0.466367 -0.802390 0.372388 0.856935 0.439745 0.268863 0.936633 0.319219 -0.144285 0.873561 0.466468 0.138922 0.909889 0.397916 0.117326 0.173290 0.848953 -0.499248 0.657100 -0.739912 0.144048 0.958727 0.281838 0.037544 0.984542 0.115904 -0.131314 0.972227 0.209745 -0.103831 0.984317 0.175948 -0.012731 0.962045 0.266205 0.060029 0.644096 -0.604683 0.468507 0.689530 -0.632911 0.352096 0.617740 0.785288 0.041473 0.616222 0.684656 0.389250 0.708479 0.501513 0.496531 0.169642 0.339318 0.925249 0.792588 0.502608 0.345238 0.324091 0.273659 0.905580 -0.043797 -0.958718 -0.280966 -0.025873 -0.977090 -0.211246 
						0.141683 0.368748 0.918668 0.532094 -0.834956 -0.140445 0.975318 0.218903 0.028910 0.546969 0.494821 0.675261 0.572601 0.215555 0.790990 0.950612 0.294223 -0.098846 0.944941 0.326682 0.019097 0.326457 -0.897153 0.297560 0.905792 0.422689 -0.029582 0.704422 0.622806 0.340443 0.358437 -0.857643 0.368744 0.575989 -0.636824 0.512534 0.693716 -0.522032 0.496227 -0.956553 -0.291049 0.017242 -0.928074 -0.351073 -0.124205 0.599920 -0.310168 0.737491 0.864451 0.349651 0.361203 0.783391 -0.575707 -0.234223 0.455690 0.399886 0.795260 -0.383567 -0.030770 -0.923000 0.107747 -0.091917 -0.989920 0.387345 -0.843355 0.372446 0.861377 0.480131 0.165841 0.653410 0.588967 0.475576 0.922948 0.378503 -0.070016 -0.295638 0.448274 0.843593 0.655125 -0.718335 0.234105 0.852164 0.492585 0.176571 0.886621 0.398439 0.234839 0.896745 0.440822 0.039050 0.795993 -0.307391 0.521446 0.516608 -0.696769 0.497624 0.374881 -0.874290 -0.308353 0.067713 0.944855 0.320412 -0.197202 0.867135 0.457371 -0.079533 0.871544 0.483824 0.192356 0.770899 0.607218 0.394382 -0.048990 0.917640 -0.086229 0.164521 0.982597 0.966643 -0.010165 -0.255925 0.969166 0.224939 -0.100594 0.923804 0.377519 0.063754 0.922900 0.383204 0.037553 0.969047 0.229316 -0.091446 0.940929 0.324497 -0.096716 0.951567 0.300550 -0.064723 0.950510 0.301175 -0.076320 0.947688 0.307713 -0.084857 0.920524 0.389078 -0.035400 0.962519 0.241462 -0.123506 0.919507 0.392450 -0.022129 0.352484 0.286542 -0.890870 -0.594552 -0.803657 -0.025376 -0.609870 -0.771884 -0.179594 -0.508849 -0.860754 -0.013253 -0.514194 -0.853974 0.079584 0.440729 -0.246670 0.863083 0.561476 -0.344697 0.752283 0.340454 -0.879635 0.332164 -0.314991 0.334978 0.888015 0.034984 -0.999178 0.020474 0.064445 0.356205 -0.932183 0.774731 0.484420 0.406361 0.540036 -0.491717 -0.683063 
						0.947577 -0.031400 -0.317980 0.935144 0.326619 0.137205 0.970877 0.239505 0.005921 0.406948 0.067201 -0.910976 0.032150 -0.989506 0.140870 0.696501 0.577005 0.426557 0.828654 0.241148 -0.505153 0.776538 0.538537 -0.327057 0.690943 -0.664450 0.284786 0.436506 0.355169 0.826630 0.809606 0.560663 0.173766 0.212391 0.027420 -0.976800 0.625894 -0.526847 0.575056 -0.659658 0.052820 -0.749708 -0.887533 -0.234393 -0.396667 0.123534 -0.153380 -0.980415 0.206334 0.274091 -0.939308 -0.650428 -0.718900 -0.245207 0.584227 -0.360200 -0.727279 0.603122 -0.761897 0.236130 -0.104014 -0.981192 -0.162611 0.895349 0.376636 0.237688 0.553446 0.376068 -0.743149 0.011954 -0.234478 -0.972048 0.960314 0.240101 -0.141946 0.665208 0.677507 0.313819 0.161754 0.463876 0.871008 -0.234174 0.690171 0.684709 0.837240 0.479123 0.263571 0.445137 -0.248899 -0.860176 0.383937 -0.648476 -0.657322 0.877856 0.476730 -0.045791 0.153242 -0.982665 0.104339 -0.723830 -0.340022 -0.600380 0.180022 -0.935792 -0.303127 -0.512075 -0.828766 -0.225670 0.869344 0.467944 0.158963 0.910366 0.410120 0.055098 -0.501947 -0.861381 0.077919 -0.327360 -0.027683 0.944494 0.904058 0.418156 0.088458 0.878957 0.460928 0.122394 0.127330 -0.907003 -0.401414 0.220397 0.961736 -0.162755 0.210149 -0.747195 -0.630506 -0.369292 0.840654 0.396136 0.756421 0.606845 0.244062 0.940839 0.330781 -0.073518 0.667771 0.164158 -0.726040 0.762440 0.610436 -0.214598 -0.266635 0.781136 0.564564 -0.065948 0.751727 0.656168 0.773034 -0.575323 0.267248 -0.072572 -0.769957 -0.633955 0.469265 0.034582 -0.882380 0.710942 -0.631154 0.310170 -0.169468 -0.864994 -0.472298 -0.110776 -0.960267 -0.256156 0.225392 0.952577 0.204440 0.342182 -0.292400 -0.892980 0.138182 -0.787710 -0.600349 0.797997 0.551088 -0.243934 0.434879 -0.416712 -0.798267 0.909993 0.406888 0.079714 
						0.277612 -0.872134 -0.402882 0.391532 -0.852718 -0.345796 0.177445 -0.109709 -0.977996 0.699137 -0.339037 0.629493 0.929497 0.342670 -0.136429 0.905406 0.419532 0.065065 -0.657364 -0.452547 -0.602555 -0.520244 0.173793 0.836147 0.010532 -0.927181 0.374465 0.284665 -0.032962 0.958060 0.945459 0.284505 -0.158631 0.644977 -0.729011 0.229232 -0.590917 -0.789827 0.164288 0.441939 -0.693544 0.568935 0.432923 -0.899274 -0.062315 -0.363621 -0.893165 0.264643 -0.820738 -0.365011 -0.439496 0.889595 0.420960 0.177239 -0.194629 -0.975347 -0.104009 -0.783708 -0.568507 -0.250203 0.509176 -0.120748 -0.852150 0.922073 0.341209 0.182640 0.766156 0.642653 0.001281 0.079814 -0.954911 -0.285962 0.838571 -0.412095 -0.356338 0.329656 0.018460 -0.943921 0.937449 0.346013 -0.038261 0.719101 -0.648325 0.250136 
					</float_array>
					<technique_common>
						<accessor count="1116" offset="0" source="#meshId0-tangents-array" stride="3">
							<param name="X" type="float" />
							<param name="Y" type="float" />
							<param name="Z" type="float" />
						</accessor>
					</technique_common>
				</source>
				<source id="meshId0-bitangents" name="meshId0-bitangents">
					<float_array id="meshId0-bitangents-array" count="3348"> 
						-0.667306 -0.729451 -0.150343 -0.671566 -0.713635 -0.199309 -0.736772 -0.651669 -0.180264 0.328180 0.790265 0.517474 0.285782 0.823166 0.490638 -0.378243 0.914317 -0.144766 -0.028274 0.997228 -0.068822 -0.578991 -0.629515 0.518151 -0.649193 -0.487810 0.583600 -0.506886 -0.707874 0.491915 0.100236 0.605391 0.789591 0.415057 0.732752 0.539261 0.097940 0.547899 0.830791 -0.801172 0.112839 0.587700 -0.273500 -0.376260 0.885226 -0.877490 0.026784 0.478846 -0.398641 0.826912 -0.396613 -0.278046 0.875503 -0.395203 -0.374689 0.865510 -0.332415 -0.152417 0.720730 -0.676252 -0.126388 0.507711 -0.852207 -0.194575 0.674101 -0.712551 -0.159347 0.332060 -0.929702 -0.005046 0.202814 -0.979204 -0.545600 0.191061 -0.815976 -0.852952 -0.111500 0.509942 -0.726084 -0.392138 0.564827 -0.872751 -0.053661 0.485208 -0.761043 -0.014805 0.648532 -0.855421 -0.078239 0.511990 -0.829654 -0.054794 0.555582 -0.786942 -0.498830 0.363168 -0.805034 -0.483655 0.343508 -0.810076 -0.442445 0.384733 -0.867099 -0.494845 -0.057157 -0.945825 -0.271945 0.177371 -0.876104 -0.335982 -0.345771 -0.313369 0.728422 0.609262 -0.402157 0.864470 0.301597 -0.318972 0.834047 0.450137 -0.559700 -0.821185 0.111314 -0.801658 -0.577755 0.153437 -0.621284 -0.780971 0.063956 -0.705855 0.063856 0.705472 -0.735251 -0.110534 0.668722 -0.797842 -0.311942 0.515889 -0.797104 -0.422688 0.431231 -0.769356 -0.524919 0.364076 -0.793192 -0.455763 0.403890 -0.856641 -0.510177 -0.076712 -0.771031 -0.634012 -0.059499 -0.912369 -0.367203 -0.180953 0.418497 0.536254 -0.733002 0.236304 0.513771 -0.824742 0.140926 0.242164 -0.959946 -0.237487 0.482477 -0.843099 -0.260975 0.368316 -0.892320 -0.269537 0.702274 -0.658909 -0.815264 -0.365369 -0.449277 -0.861196 -0.448240 -0.239631 -0.856798 -0.396585 -0.329572 -0.370989 0.845621 -0.383786 -0.301013 0.859602 -0.412887 -0.397333 0.867091 -0.300465 
						-0.783875 0.045365 0.619259 -0.745383 -0.202507 0.635134 -0.776260 0.225472 0.588713 -0.749334 -0.164557 -0.641420 -0.742087 -0.582479 -0.331701 -0.761576 -0.554172 -0.336000 -0.647077 -0.743770 -0.167625 -0.654006 -0.740714 -0.153683 -0.927478 -0.040633 -0.371664 -0.910085 0.078967 -0.406828 -0.836375 0.065006 -0.544290 -0.481353 0.332095 -0.811179 -0.565773 0.265880 -0.780519 -0.644618 0.204000 -0.736785 -0.216810 0.539322 -0.813711 -0.104569 0.449038 -0.887373 -0.221957 0.615636 -0.756127 -0.404757 0.804801 -0.434128 -0.301497 0.751180 -0.587220 -0.359587 0.815963 -0.452660 -0.958890 -0.199303 0.202012 -0.889630 -0.107148 0.443935 -0.940064 -0.003248 0.340982 -0.652391 -0.299938 0.696005 -0.336109 -0.178980 0.924660 -0.311126 -0.154246 0.937768 -0.736993 -0.641982 -0.211426 -0.766850 -0.615150 -0.183118 -0.681644 -0.711314 -0.171450 -0.315030 0.901490 -0.296769 -0.362843 0.931840 0.004314 -0.335652 0.909896 -0.243778 -0.619473 -0.784808 -0.018174 -0.756191 -0.634682 -0.159227 -0.732293 -0.665087 -0.146311 -0.829261 -0.550767 -0.094772 -0.846151 -0.532430 0.023374 -0.734967 0.086010 0.672626 -0.518312 0.013869 0.855079 -0.698350 0.102728 0.708346 -0.883892 0.130650 0.449071 -0.661064 0.042308 0.749136 -0.833427 0.233962 0.500661 -0.263599 0.616089 -0.742260 -0.298215 0.643059 -0.705367 -0.276847 0.595312 -0.754294 -0.629276 -0.038771 0.776214 -0.800018 0.199783 0.565737 -0.766555 0.070226 0.638327 -0.724590 -0.326183 0.607103 -0.742247 -0.375234 0.555219 -0.769373 -0.294137 0.567052 -0.730700 0.244108 0.637565 -0.721102 0.186021 0.667389 -0.666261 -0.043361 0.744457 -0.551924 -0.829371 0.086745 -0.732018 -0.660254 0.167970 -0.477229 -0.878766 0.004801 -0.497702 -0.865682 -0.053733 -0.456023 -0.889954 0.004948 -0.767301 -0.534842 0.353827 -0.047378 0.347285 -0.936562 -0.748131 0.047667 0.661837 -0.761947 0.130443 0.634367 
						-0.914839 0.242141 0.323166 -0.677995 -0.684101 0.268940 -0.638522 -0.723141 0.263357 0.070138 0.347648 -0.934998 -0.675759 0.736751 0.023397 -0.603663 0.767487 -0.215768 -0.699335 0.658328 0.278452 -0.398274 0.868155 0.296117 -0.421873 0.883295 0.204481 -0.905918 -0.232537 -0.353892 -0.908696 0.160056 -0.385557 -0.855462 0.103652 -0.507386 -0.970298 -0.114300 -0.213206 -0.649398 -0.741886 0.166994 -0.421231 -0.886636 0.190895 -0.651458 -0.755881 0.065163 -0.288442 0.307728 -0.906700 0.305062 0.843483 -0.442124 0.122519 0.827999 -0.547180 -0.275089 0.779016 -0.563436 -0.287536 0.825674 -0.485372 -0.355031 0.833263 -0.423823 -0.367218 0.874674 -0.316381 -0.419238 0.892322 -0.167336 -0.389542 0.906848 -0.160882 -0.599007 0.304388 -0.740634 -0.617486 0.321109 -0.718053 -0.346013 0.507375 -0.789205 -0.491451 0.369709 -0.788538 -0.562679 0.233895 -0.792897 -0.805782 0.072921 -0.587705 -0.825757 0.116309 -0.551903 -0.947563 0.068913 -0.312052 -0.221925 0.245844 -0.943562 -0.509952 0.197559 -0.837209 -0.387839 0.107732 -0.915410 -0.680459 -0.672300 0.291529 -0.629914 -0.732348 0.258601 -0.387264 -0.912561 0.131376 -0.488208 -0.871657 0.043212 -0.520359 -0.851143 0.069156 0.316329 0.602440 0.732804 0.221981 0.678078 0.700667 -0.703800 0.478956 0.524659 -0.718785 0.290024 0.631850 -0.096457 0.496112 0.862884 -0.211942 0.652809 0.727270 -0.287571 0.871512 0.397201 -0.270823 0.898008 -0.346751 -0.344218 0.928000 -0.142580 -0.361968 0.928542 -0.082391 -0.596017 -0.802867 -0.012970 -0.800792 -0.598579 0.020898 -0.535527 -0.825622 0.177650 -0.233715 0.929311 -0.285934 0.170889 0.937838 0.302086 -0.149159 0.725769 0.671573 0.593499 0.646096 0.479915 -0.174410 0.859973 0.479611 -0.783013 -0.333407 0.525100 -0.724619 -0.689136 -0.004371 -0.850850 -0.522680 -0.053475 -0.733574 -0.662026 0.153591 -0.911454 -0.319548 -0.259114 
						-0.925367 -0.378517 0.020515 -0.255741 0.885685 -0.387503 -0.276853 0.882283 -0.380695 -0.384950 0.909208 -0.158602 -0.294700 0.750675 -0.591302 0.154287 0.945020 -0.288329 -0.248294 0.796911 -0.550710 -0.719025 -0.694411 0.028209 -0.821107 -0.561815 -0.100733 -0.802129 -0.568085 -0.184033 -0.017345 0.898766 -0.438084 -0.107571 0.729255 -0.675733 0.035628 0.898129 -0.438287 -0.807865 -0.455749 0.373694 -0.834881 -0.416184 0.360228 -0.801877 -0.537987 0.259930 0.092156 0.905852 -0.413448 -0.531341 -0.823054 0.200643 -0.548383 -0.765943 0.335570 -0.650557 -0.737994 0.179276 0.214316 -0.173532 -0.961226 -0.105405 -0.649595 -0.752938 0.232305 -0.141214 -0.962337 -0.610359 -0.783183 -0.118684 -0.628940 -0.769316 -0.112191 -0.644202 -0.737688 -0.202038 -0.569913 -0.732458 0.372431 -0.506133 -0.720387 0.474206 -0.855916 -0.118152 0.503436 -0.751113 -0.009184 0.660109 -0.727227 0.079774 0.681746 -0.794510 -0.009887 0.607170 -0.883148 -0.131063 0.450412 -0.668137 -0.630803 0.394563 -0.589549 -0.717367 0.371236 -0.450182 -0.822323 0.348024 -0.897173 -0.393682 0.200235 -0.772968 -0.603609 0.195389 -0.831972 -0.533608 0.151937 0.639149 -0.026831 0.768615 0.706106 0.094640 0.701753 0.753119 0.004701 0.657867 -0.550922 -0.725471 0.412525 -0.535457 -0.784144 0.313694 0.292714 0.434371 0.851845 0.293737 0.373376 0.879948 -0.176566 0.576062 0.798108 -0.415312 -0.830035 0.372234 -0.018742 -0.906553 -0.421675 -0.022135 -0.879416 -0.475539 0.375230 -0.923723 0.077064 -0.879418 -0.204893 -0.429701 -0.385790 0.379477 -0.840930 -0.218927 -0.373246 -0.901531 -0.056469 -0.674853 -0.735789 -0.706786 0.227961 -0.669692 -0.793765 -0.470756 -0.385130 -0.572284 0.230296 -0.787054 -0.626548 0.045799 -0.778036 -0.644008 0.109571 -0.757131 -0.871343 0.142910 -0.469402 -0.329672 0.149936 0.932113 -0.296709 0.110881 0.948509 -0.510856 -0.055663 0.857862 
						-0.777535 -0.588769 -0.220885 -0.736098 -0.635168 -0.233924 -0.971097 -0.201685 -0.127648 -0.578307 -0.694289 -0.428398 -0.296147 -0.800872 -0.520482 -0.102891 -0.950330 -0.293744 -0.407725 -0.719659 0.562006 -0.809177 -0.581167 0.086468 -0.831881 -0.278203 0.480183 -0.696493 -0.334094 -0.635042 -0.821508 -0.362213 -0.440370 -0.369238 -0.736663 -0.566561 -0.186264 -0.532029 0.825984 -0.696570 -0.700557 0.154955 -0.604670 -0.778093 0.170135 -0.750677 -0.652734 0.102093 -0.801737 -0.574237 -0.165742 -0.616181 -0.785302 -0.060169 -0.718294 -0.693433 -0.056615 -0.645016 -0.730537 0.224210 -0.792259 0.438596 0.424215 -0.765309 0.480440 0.428344 -0.740443 0.617079 0.266380 -0.813392 0.124422 0.568254 -0.969004 0.042285 0.243397 -0.895462 0.021407 0.444624 -0.313049 -0.941126 0.127603 -0.449537 -0.892219 -0.043150 -0.749613 -0.636439 0.181729 -0.496937 -0.850439 0.172645 -0.656328 -0.746036 -0.112536 -0.144649 -0.920949 0.361842 0.576419 0.815953 0.044282 -0.360899 0.898930 -0.248347 -0.261564 0.955486 -0.136493 -0.424169 0.580002 -0.695470 0.062643 0.711093 -0.700301 0.263256 0.804979 -0.531700 -0.755144 0.529693 0.386243 -0.791184 0.255080 -0.555844 -0.751892 0.564262 -0.340978 -0.029636 0.906157 -0.421903 0.445329 0.891519 0.082923 -0.129059 0.648126 -0.750518 -0.240730 0.952433 -0.186868 -0.217640 0.874578 -0.433297 -0.206043 0.900379 -0.383229 0.737109 0.130950 -0.662965 0.214374 0.237917 -0.947333 -0.660216 -0.751073 0.002188 -0.577331 -0.809377 0.107686 -0.655436 -0.673708 0.341352 -0.614192 -0.733589 0.290886 -0.775352 -0.526320 0.349021 0.789016 0.581449 -0.198421 0.815549 0.496332 -0.297548 0.463655 0.787931 -0.405201 0.838967 0.408552 -0.359470 -0.753877 0.242429 -0.610654 -0.269645 0.838185 -0.474064 -0.249111 0.438549 0.863492 -0.502732 0.185474 0.844310 -0.492700 -0.018675 0.869999 -0.337642 0.125424 0.932881 
						-0.267373 0.576004 -0.772484 -0.459484 0.718982 -0.521478 -0.574455 0.764049 -0.293652 -0.405765 0.717529 -0.566133 -0.331588 0.628234 -0.703826 -0.317629 0.351839 -0.880523 -0.291488 0.255029 -0.921951 -0.115512 0.388586 -0.914143 -0.176621 0.710942 -0.680710 -0.060585 0.600133 -0.797602 -0.147272 0.421971 0.894568 -0.427248 0.232357 0.873767 -0.773658 -0.238796 0.586881 -0.536495 0.409943 -0.737645 -0.436556 0.782590 -0.443815 -0.573451 0.562558 -0.595552 -0.443150 0.896439 0.003915 -0.261991 0.911334 -0.317537 -0.636414 0.150527 0.756518 -0.560767 0.275941 0.780639 -0.587929 0.249246 0.769556 -0.751784 0.076190 0.654993 -0.397039 0.208205 0.893874 -0.580277 0.149676 0.800547 -0.099276 0.792039 -0.602344 -0.240430 0.867525 -0.435424 -0.304541 0.903051 -0.302908 0.232259 0.864454 0.445841 0.074415 0.972969 0.218618 -0.128176 0.958135 0.256025 -0.146781 0.225939 -0.963019 -0.192865 0.095219 -0.976594 -0.219639 0.627192 -0.747254 0.293556 -0.175526 0.939689 -0.280443 0.007451 0.959842 0.705042 -0.210199 0.677298 -0.214095 0.462460 -0.860404 -0.414818 0.227972 -0.880883 -0.160646 0.857973 -0.487929 -0.384613 0.200852 -0.900961 -0.342430 0.163254 -0.925251 -0.246075 0.316619 -0.916078 -0.409503 0.861312 -0.300747 -0.202269 0.866338 -0.456667 -0.349944 0.875089 -0.334302 -0.143774 0.582782 0.799809 0.361425 0.914125 0.183702 -0.362331 -0.931527 0.031203 -0.349383 0.918829 0.183533 -0.401983 0.912003 -0.081617 -0.162708 0.812289 -0.560100 -0.644307 0.087998 0.759687 -0.621820 0.063592 0.780574 -0.437736 0.174291 0.882049 -0.663657 -0.710951 0.232610 -0.751123 -0.656967 0.064875 -0.762318 -0.526903 0.375824 -0.731909 -0.462473 0.500428 -0.351737 0.128304 0.927264 -0.773282 0.005650 0.634037 -0.732154 0.096970 0.674201 -0.646770 0.067354 0.759705 0.358127 0.136116 -0.923698 -0.188453 0.205642 -0.960311 
						-0.718945 -0.012940 -0.694947 -0.753209 -0.009847 -0.657708 -0.806339 -0.579794 0.116859 -0.692474 -0.451199 0.562938 -0.719374 -0.486533 0.495769 -0.573098 -0.253459 0.779306 -0.733724 -0.301737 0.608772 -0.603941 -0.223664 0.765003 -0.561568 0.296427 0.772510 -0.686689 0.089707 0.721395 0.357791 0.273958 0.892711 0.387691 0.121894 0.913694 -0.076814 0.983759 0.162225 0.391989 0.854071 0.341918 0.410715 0.896457 0.166367 -0.475301 -0.823749 0.309073 -0.373437 -0.921846 0.103654 -0.536579 -0.764266 0.357744 -0.665664 -0.482067 0.569651 -0.690569 -0.480795 0.540324 -0.590753 -0.564432 0.576566 -0.345975 0.700329 0.624372 -0.372670 0.733641 0.568232 -0.395100 0.769623 0.501574 -0.148758 0.966660 -0.208419 -0.772748 0.608155 0.181681 -0.594509 0.800164 -0.079354 -0.403704 0.874152 -0.269964 -0.357177 0.872585 -0.333197 -0.458734 0.870517 -0.178223 -0.370137 0.898758 -0.235018 -0.401298 0.892957 -0.203931 -0.342052 0.833460 -0.433988 -0.358551 0.885011 -0.296981 -0.331170 0.812595 -0.479599 -0.372928 0.844154 -0.385136 -0.396282 0.644731 0.653668 -0.669818 0.571897 0.473579 -0.412944 0.640550 0.647436 -0.708247 -0.208225 0.674558 -0.737209 -0.358138 0.572940 -0.369925 0.921880 -0.115295 -0.341346 0.839179 -0.423393 -0.370877 0.909858 -0.186034 -0.211966 0.818784 -0.533538 -0.984055 0.034550 0.174476 -0.815105 -0.330740 -0.475620 -0.993156 -0.045633 0.107516 -0.423035 0.282406 0.860981 -0.036484 0.711423 0.701817 -0.002423 0.915061 0.403308 -0.229450 0.658783 -0.716490 -0.227747 0.689342 -0.687706 -0.365297 0.907238 -0.208511 -0.338268 0.929068 -0.149693 -0.392577 0.917024 0.070363 -0.992246 -0.065679 -0.105519 -0.920930 -0.037885 -0.387883 -0.911692 0.146673 -0.383804 -0.317839 0.842098 -0.435718 -0.395159 0.848538 -0.351900 -0.502890 0.848564 -0.164440 -0.146832 0.535621 0.831595 -0.317433 0.655153 0.685573 
						-0.680548 0.152051 0.716753 -0.622869 0.092143 0.776881 -0.820306 -0.078954 0.566448 -0.849497 -0.217245 0.480790 -0.752403 -0.571009 0.328388 -0.540981 -0.791157 0.285327 -0.710157 -0.055301 0.701868 -0.775980 0.196180 0.599474 -0.746354 -0.066226 0.662246 -0.842718 0.503359 0.190931 -0.746060 0.087604 0.660091 -0.469205 0.428236 -0.772308 0.082473 0.698955 -0.710395 -0.252925 0.343739 -0.904363 -0.384759 0.248978 -0.888803 -0.413461 -0.897111 0.155698 -0.521247 -0.852894 0.029563 -0.599150 -0.778461 0.187131 -0.946884 -0.100264 -0.305545 -0.922635 -0.175571 -0.343394 -0.946174 -0.290991 -0.141698 -0.930545 -0.362444 -0.052160 -0.802744 -0.031587 0.595487 -0.891602 0.215375 0.398320 -0.744033 0.018018 0.667900 -0.551081 0.145519 0.821666 -0.065284 0.892128 -0.447040 -0.190738 0.833565 -0.518448 -0.899100 -0.131778 0.417438 -0.805235 -0.298074 0.512589 -0.830786 -0.383160 0.403710 -0.623193 -0.775211 -0.103336 -0.785989 -0.533934 -0.311667 -0.798051 -0.529377 -0.287881 -0.834394 -0.486178 -0.259649 -0.778343 -0.460555 -0.426698 -0.726403 -0.595111 -0.343775 -0.877428 -0.351342 0.326618 -0.821526 -0.129733 0.555215 -0.775192 0.158350 -0.611557 -0.823757 0.116547 -0.554834 0.057616 0.418652 -0.906317 -0.504406 0.144052 -0.851366 0.595632 0.523251 -0.609451 -0.265068 0.149396 -0.952586 0.338470 -0.177519 -0.924081 0.116765 0.033356 -0.992599 -0.890086 0.423713 0.167971 -0.823874 0.447585 0.347706 -0.926135 0.260142 0.273131 -0.773906 -0.115115 0.622751 -0.890083 0.318648 0.325908 -0.777520 -0.084896 0.623101 -0.854003 -0.143954 0.499956 -0.472399 -0.185631 0.861615 -0.694953 -0.358073 0.623558 -0.656847 -0.367416 0.658450 -0.712481 -0.394643 0.580197 -0.225398 0.647483 -0.727984 -0.215446 0.632375 -0.744100 -0.258507 0.608225 -0.750491 -0.192929 0.549520 -0.812900 -0.223955 0.549114 -0.805182 -0.245470 0.668866 -0.701686 
						-0.466377 0.854964 -0.226999 -0.444785 0.827448 -0.342777 -0.447921 0.819611 -0.357218 -0.643975 -0.680929 0.348758 -0.721697 -0.580792 0.376609 -0.371688 0.907515 -0.195613 -0.394835 0.811776 -0.430262 -0.386236 0.879820 -0.277016 -0.384061 0.833130 -0.397985 -0.407480 0.741414 -0.533166 -0.493158 -0.707616 0.506037 -0.410492 -0.798644 0.440073 -0.429581 0.887160 0.168542 -0.361864 0.881939 -0.302057 -0.349349 0.834911 -0.425300 -0.485706 -0.848626 -0.209578 -0.605863 -0.794225 -0.046222 -0.316552 0.875899 -0.364137 -0.410449 -0.910268 -0.054248 -0.390517 0.901075 -0.188573 -0.420596 0.899014 0.121957 -0.976266 0.214152 0.032297 -0.901980 0.098022 0.420504 -0.708567 -0.672245 0.214520 -0.744524 -0.634651 0.207130 -0.779908 -0.494811 0.383283 -0.626930 -0.726154 0.282240 -0.605138 -0.742105 0.288251 -0.286286 0.950983 0.116922 -0.328583 0.944459 0.005537 -0.105322 0.949830 0.294500 -0.285603 0.954468 -0.086153 -0.298785 0.932922 -0.200956 -0.903417 0.310582 0.295594 -0.877678 0.375982 0.297186 -0.972834 0.208167 0.101292 -0.758538 -0.499634 0.418314 -0.602993 -0.283653 0.745614 -0.573864 -0.342303 0.743982 -0.421154 0.703273 -0.572745 -0.452455 0.677769 -0.579580 -0.383910 0.526975 -0.758228 -0.374236 0.915827 0.145632 -0.410213 0.899557 -0.150076 -0.383607 0.922545 -0.041901 -0.896159 0.438021 0.070967 -0.925599 0.360066 0.116701 -0.944840 0.242380 -0.220292 -0.726625 0.523803 0.444575 -0.625666 0.468138 0.624010 -0.462205 0.468320 0.753022 -0.613882 0.757477 0.222209 -0.501653 0.864187 -0.039044 -0.553557 0.821405 0.137363 -0.385674 0.294348 -0.874422 -0.577294 0.435381 -0.690779 -0.850284 0.388554 0.355025 -0.828176 0.402562 0.389959 -0.543934 0.721804 -0.427942 -0.460560 0.879382 -0.120708 -0.667655 0.556838 -0.494133 -0.419676 0.896113 -0.144409 -0.399798 0.846746 -0.350975 0.187828 0.714284 0.674180 
						0.371034 0.747942 0.550379 -0.809763 0.157825 -0.565133 -0.982963 -0.156310 -0.096700 -0.766073 0.487669 0.418702 0.242823 0.889037 -0.388136 -0.141666 0.311339 -0.939680 -0.030709 -0.122716 -0.991967 -0.183273 0.372401 -0.909796 -0.258516 0.388302 -0.884529 -0.756985 -0.645195 -0.103426 -0.926057 -0.311733 -0.212699 -0.311642 0.584351 -0.749275 -0.043065 0.105241 -0.993514 -0.710181 -0.666922 -0.225516 -0.807079 -0.546684 -0.223069 -0.483689 -0.801324 0.352028 -0.704196 -0.694913 0.145614 -0.761817 -0.458243 0.457874 -0.716930 -0.475774 0.509559 -0.628550 0.199271 -0.751808 -0.777052 -0.554187 -0.298441 -0.676214 -0.734361 -0.058723 -0.673683 -0.705866 -0.218871 -0.281129 0.939810 0.194225 -0.321630 0.942933 -0.086210 -0.235370 0.779204 0.580897 -0.810735 -0.107151 0.575523 -0.923957 0.005322 -0.382460 -0.749762 0.163996 -0.641063 -0.651694 0.174158 -0.738217 -0.694720 0.185800 -0.694868 -0.686806 0.203808 -0.697682 -0.828849 -0.059800 0.556267 -0.908675 -0.373950 0.185665 -0.749968 -0.581677 0.314960 -0.401003 0.900239 -0.169609 -0.659630 0.720141 -0.215141 -0.806232 0.382040 0.451702 -0.286447 0.770494 -0.569463 -0.289256 0.680882 -0.672853 -0.263299 0.853886 -0.448945 -0.175732 -0.097759 -0.979572 -0.160321 0.671443 -0.723506 -0.531007 -0.847103 0.021177 -0.328055 0.942432 -0.064825 -0.300076 0.688650 0.660087 -0.147447 0.563836 0.812618 -0.450058 0.498516 0.740897 -0.704862 0.580295 0.407955 -0.457064 0.763168 0.456800 -0.871264 -0.489600 0.034504 -0.797959 -0.595702 0.091659 -0.028449 0.939473 -0.341439 0.502295 0.181026 0.845535 0.509259 0.180272 0.841521 -0.567954 -0.730917 0.378403 -0.423330 -0.810964 0.403893 -0.519574 -0.767144 0.376208 -0.651226 -0.724475 0.225921 -0.245468 0.691115 -0.679784 -0.338744 0.936797 0.087542 -0.551027 -0.825682 -0.120912 -0.771359 -0.585094 -0.250339 -0.318932 0.789782 -0.523953 
						-0.304410 0.793208 -0.527404 -0.327367 0.798401 -0.505357 -0.521579 -0.214734 0.825738 -0.693039 0.054625 0.718827 -0.663230 -0.746031 -0.059699 -0.737148 -0.673158 -0.058914 -0.837114 -0.508248 0.202296 0.797681 0.345987 -0.493961 -0.535271 -0.444700 0.718141 -0.660188 -0.079623 0.746868 -0.266933 0.581999 -0.768130 -0.137579 0.523985 -0.840543 -0.738252 0.052488 -0.672479 -0.541889 0.410168 -0.733566 -0.364245 0.308824 -0.878609 -0.235846 0.845953 -0.478269 -0.357295 0.710264 -0.606519 -0.386236 0.910879 -0.145330 0.136309 0.337629 -0.931357 0.222799 0.683946 -0.694679 0.260317 0.627270 0.734008 0.366430 0.515100 0.774856 0.244817 0.568704 0.785265 -0.814576 -0.210835 0.540383 -0.872752 0.421014 0.247086 -0.920021 0.339395 0.195888 -0.866167 -0.312993 0.389602 -0.648973 -0.644636 0.404077 -0.933377 -0.039529 0.356713 -0.560911 0.821407 -0.103290 -0.607446 0.787198 0.106435 -0.628327 -0.237221 0.740899 -0.405299 0.913337 0.039341 -0.415221 0.819767 -0.394427 -0.738587 -0.661367 0.130705 -0.792156 -0.539314 0.285709 -0.902684 0.041442 0.428303 -0.402064 0.852767 0.333366 -0.829220 0.549745 0.100870 -0.781869 0.315820 0.537530 -0.793902 -0.053201 0.605714 -0.547319 -0.830586 0.102807 0.343367 -0.911865 -0.224946 0.474179 -0.871523 0.124911 -0.245138 -0.968675 -0.039699 -0.836767 -0.544223 -0.060341 0.318713 0.797771 0.511843 0.556804 0.540471 0.630762 -0.417326 -0.007335 -0.908727 -0.177839 -0.008055 -0.984027 -0.641358 -0.224307 -0.733721 -0.302534 0.300849 -0.904413 0.101889 0.672494 -0.733056 -0.874003 -0.269502 -0.404337 -0.620814 0.331069 -0.710622 0.639947 0.216016 0.737431 -0.433887 -0.891685 0.128997 -0.193009 -0.968133 0.159583 -0.600693 -0.791228 0.114569 -0.461855 -0.807462 0.367008 -0.565738 -0.812010 -0.143459 -0.695403 -0.715402 -0.067924 -0.360330 -0.921270 0.146368 -0.737971 -0.674426 0.023422 
						-0.897813 -0.439102 -0.033490 -0.832600 -0.545997 -0.093088 -0.628598 -0.776978 0.034196 -0.397974 -0.791290 0.464195 -0.584967 -0.713077 -0.386438 -0.659789 -0.731356 -0.172617 -0.374891 0.807230 -0.455891 -0.379766 0.764751 -0.520513 -0.342960 0.769424 -0.538855 -0.362332 0.732955 -0.575753 -0.713028 -0.209245 0.669185 -0.504405 0.320926 0.801612 -0.769817 -0.149367 0.620540 -0.179535 0.647159 -0.740913 -0.123686 0.700167 -0.703184 -0.505959 -0.861008 -0.051685 -0.635635 -0.751754 -0.175596 -0.806403 -0.381006 -0.452271 -0.774373 -0.166261 -0.610494 -0.733337 -0.490937 -0.470316 -0.729002 -0.624488 -0.280303 -0.746560 -0.226703 0.625503 -0.921435 -0.047544 -0.385611 -0.623585 0.196829 -0.756571 -0.855029 0.114701 -0.505735 -0.878026 -0.061541 -0.474641 -0.329019 -0.944319 0.002771 -0.820447 -0.388717 -0.419244 -0.483184 0.107673 -0.868873 -0.751596 -0.622065 -0.219407 -0.539250 0.167544 -0.825311 -0.895025 -0.140274 0.423383 -0.723007 -0.589169 0.360750 -0.764390 -0.555098 0.327986 -0.720098 -0.679190 0.141984 -0.408058 0.815705 -0.410017 -0.412450 0.816305 -0.404390 -0.386099 0.860896 -0.331339 -0.816206 -0.352733 0.457589 -0.152954 -0.951584 0.266632 -0.449683 0.889110 -0.085257 -0.346322 -0.895759 0.278706 -0.536095 -0.685513 0.492620 -0.396207 0.723566 -0.565219 -0.637079 -0.718316 0.279559 0.115534 0.180927 -0.976687 -0.105300 0.214880 -0.970947 -0.882188 -0.012920 0.470721 -0.895169 0.298528 0.330987 -0.323957 0.249787 -0.912501 -0.565585 -0.559563 0.605807 -0.302419 -0.868626 0.392468 -0.425630 -0.900735 0.086688 -0.706917 -0.689904 0.155886 -0.670695 -0.516787 0.532070 -0.446097 -0.820027 0.358542 -0.454554 -0.803772 0.383838 -0.764366 -0.155409 0.625773 0.946792 0.296400 0.125426 -0.115482 0.609311 0.784477 0.653840 -0.627286 0.423091 0.440713 0.502598 0.743752 0.503742 0.677914 0.535423 0.457666 0.413480 0.787132 
						0.645722 -0.711492 0.277169 -0.448918 0.853612 -0.264232 -0.333318 0.869539 -0.364418 -0.287300 0.300217 0.909576 0.456149 0.688000 0.564432 0.619472 0.527594 -0.581290 -0.760137 -0.073293 0.645616 -0.178172 0.712098 -0.679096 -0.007101 -0.209739 0.977732 -0.251831 -0.358736 0.898827 -0.046747 -0.288232 0.956419 -0.272231 -0.036166 0.961552 -0.625677 0.265310 0.733579 -0.830383 -0.137092 0.540065 -0.452892 -0.063657 0.889290 -0.589159 0.076388 0.804398 -0.776796 0.097228 0.622202 -0.833664 -0.423905 0.353991 -0.749198 -0.374143 0.546553 -0.050646 0.664294 -0.745753 -0.077619 -0.756426 -0.649458 0.626756 -0.632942 -0.454491 -0.138953 0.581874 -0.801320 -0.308735 0.935426 -0.172221 -0.303494 0.922903 -0.236943 -0.634872 -0.760320 -0.137299 -0.534085 -0.821540 0.199562 0.363394 -0.707115 -0.606575 0.228008 -0.620706 -0.750158 -0.103380 -0.564548 -0.818901 -0.657484 -0.053916 0.751537 -0.660685 -0.008955 0.750610 -0.618318 -0.198856 0.760354 -0.845293 -0.102319 0.524415 -0.777967 0.252140 -0.575493 -0.602026 0.257601 -0.755782 -0.764139 -0.372753 0.526448 -0.850610 -0.077697 0.520024 -0.417098 -0.083784 0.904991 -0.041566 0.646478 0.761800 0.856634 0.458038 -0.237444 0.864870 0.497333 -0.068268 -0.615220 -0.786800 0.049500 -0.737459 -0.619346 0.269379 -0.357969 0.875965 -0.323333 -0.429919 0.902752 -0.014449 -0.326123 0.590220 0.738434 -0.411694 0.872466 -0.263272 -0.412217 0.839404 -0.354229 -0.544958 0.819523 -0.177206 -0.290276 0.308402 0.905885 -0.369232 -0.065116 0.927053 -0.609898 -0.214013 0.763036 -0.914275 -0.382948 0.132104 -0.630476 -0.772792 0.072749 -0.663565 -0.744022 0.078181 -0.950285 -0.054504 -0.306574 -0.940032 -0.237759 -0.244559 -0.687110 -0.025645 0.726101 -0.745011 -0.315363 0.587797 -0.590553 -0.592571 0.547819 -0.765330 -0.351255 0.539343 -0.309402 0.948116 -0.073125 -0.177321 0.898027 -0.402622 
						-0.279688 0.959002 0.045719 -0.631505 0.663533 0.401155 -0.317544 0.830953 0.456819 -0.546024 0.837588 -0.017452 -0.612511 0.706755 -0.354015 -0.297177 0.936114 -0.188088 -0.342547 0.922950 -0.175569 -0.264877 0.777474 -0.570415 -0.320558 0.872709 -0.368267 -0.774102 0.110724 0.623303 -0.417460 -0.816215 0.399399 -0.404882 -0.828264 0.387362 -0.726221 -0.624017 -0.288456 -0.503314 -0.660765 0.556834 -0.945186 0.009295 -0.326401 -0.872853 -0.070884 -0.482808 -0.916782 -0.361628 -0.169517 -0.103850 0.461462 -0.881060 0.115803 0.217361 -0.969197 -0.636589 0.056513 0.769130 -0.614769 -0.787853 0.036688 -0.821490 -0.570022 0.015094 -0.772017 -0.562551 0.295849 -0.825869 -0.462152 0.323041 -0.805988 -0.394335 0.441455 -0.428418 -0.896686 -0.111412 -0.814583 0.131805 -0.564873 -0.577956 0.339454 -0.742117 -0.915710 -0.398548 0.051330 -0.627391 -0.777654 -0.040437 -0.350712 0.893050 -0.281891 -0.341157 0.902476 -0.262962 -0.339862 0.885590 -0.316583 -0.306112 -0.922292 0.235949 -0.186141 0.901574 0.390533 -0.964697 -0.250816 -0.080321 -0.990924 -0.132437 -0.023007 -0.833557 -0.453790 0.315051 -0.775469 -0.414768 0.476041 -0.532864 0.358678 -0.766424 -0.768178 -0.414587 0.487873 -0.758071 -0.502409 0.415829 -0.767675 -0.481565 0.422812 0.024797 0.199731 -0.979537 -0.328982 -0.797393 0.505901 -0.091416 0.610420 0.786785 -0.453002 -0.854992 0.252544 -0.184971 0.503159 0.844166 -0.858665 -0.351922 0.372620 -0.237351 0.878344 -0.414941 -0.699919 0.610960 0.369920 0.158181 0.148444 0.976188 0.350957 -0.436542 0.828408 0.048696 0.949263 0.310690 -0.178208 0.915248 -0.361334 -0.689155 -0.724388 -0.018069 -0.670891 0.138779 0.728454 -0.682155 0.120769 0.721165 -0.656560 0.272914 0.703169 -0.821245 -0.563499 -0.089582 -0.968020 0.102259 -0.229084 -0.814779 -0.558551 -0.155421 -0.838253 -0.401357 -0.369113 -0.661113 -0.750281 -0.002697 
						-0.518380 0.069312 -0.852336 -0.123287 0.175394 -0.976748 -0.667286 -0.201858 0.716926 -0.907596 -0.331963 -0.257039 -0.558226 -0.817473 0.141849 0.017979 0.662930 0.748465 -0.282493 0.772085 0.569283 0.113377 0.807293 0.579157 -0.350641 0.881421 -0.316460 -0.334989 0.865489 -0.372438 -0.949266 -0.147044 -0.277978 -0.739731 0.526738 0.418742 -0.715675 -0.234880 -0.657754 -0.299620 -0.480549 -0.824197 -0.784741 0.119359 0.608223 0.392651 -0.915701 -0.085539 0.498280 -0.829610 -0.251921 -0.293045 0.680358 -0.671742 -0.644392 -0.762816 -0.053585 -0.748273 -0.662776 -0.028555 0.518427 0.529620 0.671368 -0.372334 0.861683 -0.344774 -0.787771 -0.510683 -0.344413 -0.594810 0.118449 0.795092 -0.393487 0.329826 -0.858128 -0.725671 0.222252 -0.651157 -0.138320 0.502181 -0.853629 -0.814173 -0.425826 0.394708 -0.777550 0.478734 0.407713 -0.236025 0.288303 -0.927994 -0.449149 0.204915 -0.869641 -0.797650 -0.434865 0.417908 -0.722721 -0.500981 0.476121 -0.750942 -0.418554 0.510782 -0.459301 0.249382 -0.852556 -0.857320 -0.414063 -0.305866 -0.830093 -0.496555 -0.253730 -0.734322 -0.633629 -0.243484 -0.594791 0.778060 -0.202106 -0.236752 0.634775 -0.735533 -0.276158 0.582450 -0.764519 -0.970836 0.117776 -0.208821 -0.880755 0.460359 -0.111086 -0.414992 0.898020 -0.146090 -0.340208 0.730665 -0.591935 -0.373962 0.825955 -0.421842 -0.394296 0.917418 -0.053613 -0.286349 0.528449 0.799216 -0.751192 -0.626861 0.206775 -0.061109 0.333209 -0.940870 -0.171759 0.492124 -0.853413 -0.198086 0.501190 -0.842360 -0.093191 0.457350 -0.884391 -0.156407 0.718150 -0.678084 -0.764056 -0.538072 0.355945 -0.694929 -0.715105 0.075482 -0.781875 0.607705 0.139164 -0.786546 0.560223 0.259799 -0.446441 0.863391 -0.235047 -0.563610 0.803571 -0.191358 -0.498952 0.860048 -0.106603 -0.544375 -0.728936 0.415101 -0.591759 0.251486 -0.765883 -0.662382 0.175026 -0.728434 
						-0.686397 -0.632106 0.359585 -0.841418 -0.539933 0.022117 -0.217054 0.974530 -0.056388 -0.707321 -0.158303 0.688940 -0.730132 -0.304738 0.611590 -0.271250 0.632711 -0.725327 -0.316983 0.928260 -0.194563 -0.895638 -0.192994 0.400732 -0.393048 0.812090 -0.431304 0.090306 0.397105 -0.913319 -0.803857 -0.082697 0.589046 -0.626975 0.058162 0.776865 -0.594666 -0.026420 0.803539 -0.074962 0.188359 -0.979235 -0.138088 0.634184 -0.760751 -0.136380 -0.947948 -0.287740 -0.327521 0.936804 -0.123001 0.063847 0.449397 -0.891047 -0.879212 0.062649 0.472293 -0.784523 0.538154 0.308080 -0.644552 0.751644 -0.139947 -0.829313 -0.142253 0.540374 -0.364985 0.812073 -0.455328 -0.337022 0.788868 -0.513910 -0.374415 0.840558 -0.391504 -0.725170 -0.680160 0.107291 0.221532 0.478880 0.849469 -0.294778 0.730695 -0.615785 -0.375686 0.916600 -0.136767 -0.441935 0.887365 0.131439 -0.535720 0.043263 0.843286 -0.691848 0.002711 0.722038 -0.699368 -0.485039 0.524997 -0.921407 -0.063948 0.383300 -0.926482 -0.317375 0.202249 -0.977007 -0.164471 0.135668 -0.800195 -0.234969 0.551795 -0.303093 -0.949634 0.079565 -0.565372 -0.820160 0.087708 -0.196489 0.611526 -0.766439 -0.222139 0.620921 -0.751739 -0.282959 0.785386 -0.550547 -0.269685 0.712936 -0.647296 -0.174283 0.373088 -0.911280 -0.023874 -0.221343 -0.974904 -0.050849 -0.053767 -0.997258 -0.244025 0.571627 -0.783386 -0.286548 0.703009 -0.650899 -0.377870 0.863652 -0.333644 -0.246361 0.587968 -0.770454 -0.283469 0.623057 -0.729003 -0.771002 -0.450621 -0.449996 -0.544950 0.425963 -0.722208 -0.366284 0.475500 -0.799835 -0.428949 0.266868 -0.863009 -0.474658 0.206054 -0.855711 -0.498681 -0.866758 0.006929 -0.449304 -0.890420 -0.072648 -0.936653 -0.286360 0.201693 -0.607999 -0.789670 0.082215 -0.863545 -0.040535 -0.502640 -0.853104 -0.464982 -0.236657 -0.397803 0.872976 -0.282252 -0.188048 0.720573 -0.667393 
						-0.318332 -0.006819 -0.947955 -0.280772 0.919478 -0.275186 -0.209524 0.860811 -0.463793 -0.844597 -0.352174 -0.403274 -0.936466 -0.079077 -0.341728 -0.673112 0.731344 0.109797 -0.003495 0.904656 0.426129 -0.289256 0.765854 0.574281 -0.582567 -0.278526 0.763569 -0.544214 -0.627408 0.556947 -0.260577 0.608569 -0.749495 -0.851778 -0.484714 -0.198813 -0.648687 0.057667 0.758867 0.043827 0.998533 0.031788 -0.335380 0.918975 0.207378 0.232748 0.964902 -0.121626 0.405799 0.849548 0.337039 -0.432727 0.085396 0.897471 -0.659076 -0.733490 -0.166164 -0.739120 -0.422511 0.524582 -0.494021 0.192873 -0.847787 -0.165732 0.777129 -0.607127 -0.815608 0.425503 -0.392085 -0.423981 0.879216 -0.217299 -0.247309 0.497638 -0.831381 -0.659278 0.730261 -0.179085 -0.837301 -0.402607 0.369912 -0.621586 -0.647823 0.440404 -0.242364 0.757193 -0.606562 -0.826282 0.256058 -0.501690 -0.914599 -0.169253 -0.367236 -0.002088 -0.091802 -0.995775 -0.014909 0.103275 0.994541 -0.594210 -0.135071 0.792888 0.123882 0.327276 -0.936773 0.001173 0.262055 -0.965052 -0.307624 0.764117 -0.567004 -0.311274 0.766434 -0.561860 -0.379228 0.138222 -0.914921 -0.532067 -0.820638 -0.208466 -0.349141 0.841892 -0.411483 -0.356242 0.805210 -0.474056 -0.710763 0.198842 -0.674743 0.602350 -0.002954 0.798227 -0.968836 -0.072661 -0.236806 -0.669071 -0.536346 0.514467 0.181746 0.163439 -0.969668 -0.213747 0.410993 -0.886226 0.641532 0.367757 0.673195 -0.280360 0.610559 0.740686 -0.784593 -0.516121 0.343559 -0.809671 -0.424641 0.405108 -0.554387 -0.817467 -0.156212 -0.790507 -0.343168 0.507281 -0.823326 -0.344123 -0.451345 0.481413 0.758295 0.439580 -0.577267 -0.301292 0.758937 -0.605171 0.269624 -0.749047 -0.966148 0.191501 0.172876 -0.638145 -0.769879 0.007560 -0.633414 -0.536276 0.557848 0.215980 -0.639385 -0.737929 -0.480820 -0.856989 0.185425 -0.279283 0.743621 -0.607477 
						-0.153143 0.373829 -0.914767 -0.917466 -0.333008 -0.217628 -0.755287 -0.652274 -0.063867 -0.615157 -0.733952 0.287917 -0.366338 0.814808 -0.449316 -0.424408 0.890500 0.163976 -0.106031 -0.736097 0.668520 -0.851142 -0.025231 -0.524329 -0.993149 0.033884 0.111831 -0.626824 -0.762554 0.160010 -0.311064 0.644037 -0.698896 -0.745313 -0.533789 0.399471 0.732341 -0.439770 0.519883 0.230341 0.700703 0.675247 -0.664454 -0.365064 0.652096 -0.848755 0.434736 0.301032 -0.152906 -0.600873 0.784583 -0.308361 0.839785 -0.446850 -0.579624 0.028819 0.814374 -0.346677 0.066123 0.935651 -0.809415 -0.403737 -0.426432 -0.237746 0.871770 -0.428363 -0.557011 0.663059 0.500091 -0.805157 0.107369 -0.583261 0.536443 0.738668 0.408165 -0.876551 -0.365401 -0.313274 -0.337816 0.930730 0.140081 -0.496593 -0.227644 0.837600 
					</float_array>
					<technique_common>
						<accessor count="1116" offset="0" source="#meshId0-bitangents-array" stride="3">
							<param name="X" type="float" />
							<param name="Y" type="float" />
							<param name="Z" type="float" />
						</accessor>
					</technique_common>
				</source>
				<source id="meshId0-tex0" name="meshId0-tex0">
					<float_array id="meshId0-tex0-array" count="2232"> 
						0.742467 0.677235 0.698771 0.669256 0.710441 0.648820 0.375337 0.073266 0.358113 0.074441 0.362343 0.071069 0.350603 0.056327 0.555864 0.345128 0.519020 0.382661 0.534208 0.337654 0.332965 0.602176 0.297381 0.625809 0.317163 0.603704 0.119366 0.551206 0.079971 0.536994 0.109184 0.525633 0.375958 0.703084 0.404307 0.700150 0.373879 0.723443 0.616675 0.803610 0.568390 0.845612 0.563378 0.817609 0.774471 0.244669 0.798252 0.222515 0.798592 0.243526 0.576145 0.382988 0.571095 0.418096 0.535106 0.414237 0.347466 0.487717 0.352600 0.524788 0.333314 0.508172 0.320970 0.266590 0.322851 0.295209 0.306153 0.287975 0.877101 0.614682 0.885644 0.587326 0.898122 0.623384 0.392856 0.655334 0.352504 0.656679 0.401700 0.621915 0.650722 0.081942 0.644051 0.120217 0.616202 0.082785 0.326899 0.427114 0.290421 0.448960 0.299007 0.415866 0.428368 0.339621 0.448024 0.343937 0.437857 0.364921 0.833249 0.581155 0.826151 0.598861 0.801805 0.576434 0.864441 0.400448 0.857635 0.388255 0.901840 0.376596 0.447954 0.873437 0.421003 0.890729 0.435107 0.861078 0.811001 0.514753 0.821365 0.550256 0.798975 0.540506 0.206920 0.819826 0.180129 0.784954 0.212815 0.795702 
						0.423790 0.524808 0.455141 0.496286 0.452179 0.531844 0.752654 0.432797 0.756891 0.510276 0.730479 0.481559 0.668524 0.638664 0.685377 0.636458 0.693139 0.372951 0.733619 0.331207 0.720074 0.376563 0.785105 0.352782 0.764048 0.331439 0.809385 0.316691 0.269846 0.907669 0.242678 0.909427 0.275226 0.883543 0.248754 0.835421 0.225815 0.849906 0.235285 0.810173 0.266885 0.416576 0.262222 0.456441 0.237226 0.420872 0.277522 0.328584 0.285736 0.344616 0.250477 0.354180 0.632514 0.676722 0.627752 0.640486 0.643761 0.623153 0.534755 0.934246 0.542604 0.956567 0.514879 0.961118 0.727684 0.713114 0.700106 0.705589 0.725780 0.691305 0.870842 0.636034 0.892093 0.646844 0.177349 0.528759 0.222330 0.561906 0.191080 0.554267 0.214766 0.466538 0.185924 0.483137 0.190068 0.458587 0.471476 0.904559 0.467064 0.943764 0.417635 0.936476 0.015209 0.430706 0.063116 0.455038 0.052226 0.475188 0.308054 0.314824 0.325824 0.336906 0.300112 0.342152 0.388709 0.383084 0.396267 0.395363 0.360034 0.385380 0.386235 0.164154 0.365094 0.169380 0.367820 0.137983 0.360710 0.243985 0.385324 0.241085 0.359621 0.265342 0.232070 0.886546 0.152766 0.536886 0.159793 0.563209 
						0.120171 0.516283 0.407834 0.279831 0.380722 0.279870 0.881320 0.354397 0.506682 0.586685 0.483707 0.624692 0.479230 0.586135 0.385494 0.668740 0.358036 0.673396 0.831755 0.512275 0.956999 0.499842 0.963401 0.524954 0.924283 0.565636 0.660421 0.100986 0.683845 0.105912 0.671393 0.154083 0.642192 0.803519 0.660243 0.825323 0.649752 0.832678 0.453274 0.822323 0.453083 0.847550 0.415128 0.831685 0.314337 0.825626 0.289407 0.806640 0.310980 0.790107 0.698802 0.425683 0.730105 0.390421 0.757025 0.410084 0.782377 0.382750 0.820020 0.345992 0.873546 0.488365 0.903536 0.476762 0.909214 0.505676 0.899818 0.416977 0.930776 0.426656 0.896416 0.434107 0.463989 0.130198 0.445337 0.130753 0.475156 0.080572 0.420403 0.123417 0.413589 0.159426 0.296464 0.644403 0.327981 0.631342 0.441966 0.560399 0.417738 0.555927 0.552596 0.659201 0.582991 0.667648 0.581292 0.688061 0.571137 0.742990 0.524433 0.773402 0.534758 0.751924 0.815615 0.680218 0.828444 0.634061 0.837073 0.663736 0.315964 0.060135 0.348652 0.074954 0.118741 0.130828 0.104465 0.129801 0.099046 0.104328 0.562331 0.383244 0.626221 0.171820 0.658762 0.179943 0.616072 0.197640 0.675416 0.185156 
						0.641662 0.212978 0.594589 0.910446 0.607629 0.940918 0.589301 0.949664 0.695319 0.859971 0.681504 0.847146 0.700302 0.828261 0.787872 0.671886 0.806267 0.610469 0.789356 0.603994 0.428075 0.031028 0.401330 0.010505 0.431125 0.004886 0.505513 0.111251 0.510304 0.123438 0.486321 0.131178 0.469545 0.000118 0.441006 0.168736 0.470605 0.146378 0.467400 0.190162 0.210583 0.072931 0.203868 0.038996 0.237105 0.064681 0.667881 0.572814 0.686690 0.615767 0.645416 0.574250 0.461321 0.365173 0.473774 0.380450 0.526235 0.402713 0.395112 0.442504 0.420620 0.450538 0.406287 0.473805 0.374427 0.516064 0.529700 0.251206 0.564601 0.285484 0.535394 0.305649 0.473054 0.242230 0.462572 0.257278 0.446973 0.240060 0.856870 0.098488 0.802291 0.091758 0.834517 0.070778 0.457286 0.285194 0.432672 0.251784 0.822642 0.045335 0.792974 0.031547 0.812892 0.014123 0.494260 0.333017 0.239713 0.052224 0.209992 0.016321 0.251434 0.032417 0.266062 0.079630 0.243535 0.094448 0.251960 0.063515 0.267753 0.060306 0.775533 0.438974 0.777383 0.485138 0.961007 0.437334 0.945169 0.466657 0.921859 0.469662 0.926928 0.485721 0.101533 0.363662 0.113760 0.402590 0.090910 0.388843 
						0.052918 0.106804 0.015549 0.089121 0.061164 0.072788 0.293456 0.142415 0.295847 0.112001 0.325947 0.135696 0.255381 0.153909 0.220922 0.180009 0.243675 0.144832 0.258240 0.163260 0.272638 0.179052 0.243036 0.182546 0.262796 0.138747 0.266842 0.160143 0.394426 0.183239 0.349385 0.194466 0.072391 0.101589 0.079457 0.037671 0.048760 0.051442 0.023692 0.035609 0.528180 0.547671 0.501262 0.565186 0.495148 0.555176 0.602899 0.386979 0.626584 0.462553 0.597967 0.443768 0.408458 0.216160 0.370560 0.211994 0.452489 0.206970 0.425024 0.198983 0.665054 0.661200 0.045564 0.013916 0.743380 0.048310 0.751487 0.042023 0.763673 0.057226 0.805098 0.451180 0.816969 0.429873 0.825623 0.444594 0.727013 0.029448 0.741117 0.037531 0.736187 0.043912 0.729036 0.055258 0.738368 0.110840 0.626297 0.818476 0.671267 0.922831 0.652781 0.917840 0.657970 0.893233 0.884182 0.397924 0.898313 0.386953 0.623026 0.123056 0.598894 0.110904 0.531461 0.111689 0.549329 0.124669 0.529383 0.153550 0.481656 0.070403 0.466019 0.045589 0.498165 0.026605 0.457170 0.085533 0.673877 0.415603 0.527515 0.984734 0.353557 0.572463 0.312757 0.563036 0.197018 0.583078 0.234885 0.587846 
						0.491308 0.922490 0.968918 0.019204 0.975127 0.066112 0.945614 0.041097 0.960720 0.000111 0.927728 0.029439 0.927498 0.008956 0.608190 0.849898 0.592355 0.891613 0.577715 0.866560 0.299284 0.601533 0.273895 0.576657 0.281660 0.433439 0.899975 0.011941 0.920004 0.045395 0.889730 0.046004 0.918866 0.086942 0.906150 0.063213 0.338540 0.465886 0.327847 0.492670 0.315228 0.481016 0.249972 0.480319 0.261401 0.488388 0.248405 0.519169 0.614830 0.795280 0.584894 0.788427 0.593814 0.763901 0.660031 0.742796 0.652442 0.772582 0.629317 0.758805 0.201636 0.915012 0.177860 0.904744 0.197028 0.895160 0.188417 0.627078 0.211799 0.610910 0.213076 0.644678 0.665195 0.784600 0.660643 0.815378 0.680232 0.822079 0.809770 0.242671 0.846012 0.232858 0.692163 0.805669 0.179715 0.734074 0.150814 0.774145 0.158312 0.729097 0.359248 0.615568 0.672611 0.769683 0.623766 0.047525 0.293967 0.768074 0.269346 0.770077 0.181549 0.767154 0.217480 0.489702 0.214249 0.520010 0.235648 0.484536 0.293489 0.181368 0.325033 0.162980 0.312390 0.203730 0.272095 0.223780 0.276689 0.502223 0.282282 0.535468 0.268695 0.522175 0.252505 0.557754 0.859576 0.465923 0.875555 0.462909 
						0.821615 0.464472 0.790361 0.448395 0.248578 0.201896 0.243583 0.227979 0.215832 0.211528 0.168548 0.317525 0.188230 0.304214 0.208649 0.313882 0.376110 0.554829 0.348709 0.548768 0.151508 0.145445 0.142244 0.168505 0.128966 0.085926 0.135840 0.128107 0.157910 0.108010 0.569655 0.239126 0.590820 0.203749 0.578981 0.263985 0.616362 0.334500 0.614888 0.312261 0.636621 0.312025 0.434762 0.638608 0.424946 0.668525 0.417001 0.617108 0.313208 0.023057 0.209939 0.416978 0.509001 0.615809 0.238855 0.724026 0.208306 0.734263 0.202383 0.715898 0.397585 0.784018 0.385966 0.817135 0.376043 0.789045 0.390266 0.755140 0.384194 0.774032 0.354879 0.757849 0.149569 0.019040 0.114408 0.041193 0.135572 0.000124 0.355765 0.359341 0.329422 0.369290 0.415091 0.774743 0.406238 0.729951 0.505382 0.752999 0.515840 0.719285 0.164485 0.050463 0.159798 0.078231 0.120020 0.059072 0.184350 0.030339 0.184023 0.000331 0.216910 0.004709 0.479335 0.848436 0.482895 0.826343 0.495367 0.745628 0.492325 0.789593 0.472380 0.773731 0.205132 0.074196 0.180258 0.092688 0.176514 0.062700 0.497182 0.708217 0.477417 0.741177 0.462072 0.691124 0.497391 0.666437 0.468157 0.656161 
						0.307404 0.517592 0.294257 0.498585 0.339124 0.531845 0.317177 0.528588 0.628803 0.239668 0.606344 0.234696 0.495811 0.501947 0.469497 0.526835 0.542703 0.499152 0.561665 0.527396 0.523400 0.506675 0.727133 0.432241 0.808969 0.419115 0.810365 0.397670 0.839810 0.349660 0.552410 0.070565 0.598168 0.055000 0.560590 0.092998 0.906616 0.541572 0.870337 0.538136 0.873822 0.555940 0.846929 0.556072 0.400401 0.411990 0.414957 0.432321 0.389123 0.423477 0.358704 0.410666 0.655046 0.857423 0.633146 0.877647 0.415513 0.360555 0.417505 0.378206 0.357498 0.337949 0.711884 0.545326 0.668174 0.537788 0.705632 0.513490 0.624673 0.525142 0.650143 0.470668 0.646232 0.509453 0.232775 0.528417 0.225599 0.542215 0.748782 0.322413 0.769809 0.298404 0.735444 0.262629 0.745664 0.291452 0.704742 0.282656 0.938788 0.410578 0.998257 0.384019 0.979584 0.396747 0.575038 0.495548 0.555501 0.482951 0.576536 0.459890 0.583115 0.433224 0.539434 0.480671 0.528769 0.461840 0.563064 0.443945 0.231132 0.340477 0.205541 0.285876 0.231501 0.265537 0.241799 0.285272 0.527558 0.829910 0.516347 0.851768 0.464497 0.888308 0.395381 0.888594 0.364707 0.909414 0.351544 0.893871 
						0.282312 0.826802 0.267371 0.833246 0.251557 0.822304 0.441883 0.281813 0.449105 0.316716 0.361712 0.858849 0.335084 0.868543 0.323735 0.849999 0.331933 0.804809 0.345710 0.828455 0.471382 0.308880 0.485728 0.326134 0.348931 0.841714 0.362597 0.831201 0.358281 0.802317 0.320678 0.155332 0.300340 0.156099 0.389814 0.830458 0.348355 0.153744 0.352615 0.695571 0.319307 0.653527 0.594730 0.495768 0.602072 0.460230 0.374864 0.325114 0.371986 0.304359 0.389730 0.321247 0.387091 0.288580 0.401019 0.293783 0.649926 0.728522 0.623682 0.727546 0.624870 0.699623 0.595453 0.720484 0.560103 0.712741 0.755539 0.123376 0.782413 0.128070 0.772616 0.158095 0.311183 0.240052 0.300891 0.264353 0.284720 0.243750 0.938542 0.117722 0.913126 0.116923 0.909417 0.083149 0.279612 0.672580 0.330738 0.703154 0.280242 0.696230 0.823487 0.142078 0.805362 0.167706 0.794868 0.134468 0.763318 0.092851 0.795727 0.090958 0.793331 0.117231 0.906342 0.155294 0.879875 0.163151 0.901383 0.131855 0.898490 0.110203 0.876821 0.090663 0.804137 0.123431 0.822637 0.103660 0.892628 0.121275 0.863305 0.136818 0.859910 0.106589 0.261563 0.744187 0.233128 0.746475 0.779907 0.071035 
						0.754155 0.099720 0.839449 0.472331 0.135748 0.087828 0.170946 0.445800 0.194605 0.416839 0.401521 0.942704 0.383576 0.958271 0.374764 0.928511 0.400699 0.908687 0.753722 0.715225 0.760828 0.643291 0.446194 0.964644 0.416496 0.968368 0.622544 0.555992 0.622311 0.601422 0.867035 0.666211 0.851054 0.633133 0.215545 0.251187 0.183915 0.246697 0.917263 0.447798 0.747545 0.544134 0.730368 0.563454 0.756139 0.577385 0.499838 0.687354 0.533721 0.702707 0.538855 0.677265 0.381271 0.355347 0.860272 0.510266 0.791290 0.302902 0.785198 0.277287 0.826646 0.279462 0.840383 0.294936 0.384152 0.529719 0.863538 0.575951 0.855312 0.595028 0.321645 0.771521 0.938407 0.150088 0.507267 0.527455 0.373235 0.878034 0.410243 0.873224 0.596716 0.974235 0.576987 0.999902 0.554588 0.995913 0.662235 0.489604 0.562797 0.964354 0.404780 0.592229 0.378329 0.592435 0.397889 0.566490 0.461200 0.577432 0.420519 0.580032 0.857044 0.616423 0.841368 0.609033 0.462945 0.028731 0.875380 0.089595 0.853895 0.064991 0.498198 0.144403 0.487747 0.159895 0.502438 0.162711 0.485022 0.185052 0.509486 0.822007 0.511924 0.778903 0.224358 0.150652 0.210651 0.174101 0.200192 0.859421 
						0.174120 0.885032 0.180762 0.864502 0.184521 0.350497 0.156272 0.379568 0.768005 0.734779 0.775493 0.662074 0.326256 0.188686 0.437788 0.052216 0.039872 0.517237 0.024519 0.469451 0.304901 0.914971 0.288544 0.935751 0.765011 0.435413 0.786033 0.395352 0.831456 0.376359 0.412698 0.704304 0.438291 0.716686 0.431922 0.749825 0.859248 0.373923 0.840182 0.394330 0.886859 0.035567 0.882632 0.057346 0.862168 0.040173 0.465843 0.414313 0.454718 0.441961 0.441759 0.441866 0.428790 0.411242 0.445984 0.407752 0.435587 0.436156 0.945741 0.091987 0.938799 0.060832 0.320947 0.361722 0.455296 0.771406 0.463822 0.735145 0.330062 0.218437 0.291670 0.226008 0.093039 0.511222 0.289390 0.654997 0.555908 0.552680 0.437756 0.457841 0.421411 0.482171 0.594971 0.092688 0.643055 0.000123 0.682219 0.022931 0.666705 0.033460 0.110372 0.052795 0.390721 0.058090 0.410244 0.083902 0.878716 0.427196 0.881159 0.408071 0.869420 0.422880 0.850289 0.411521 0.828817 0.410168 0.859812 0.427889 0.833684 0.432030 0.790329 0.057512 0.567070 0.000122 0.597662 0.013903 0.562510 0.022254 0.524238 0.192994 0.086618 0.006629 0.107026 0.024864 0.071325 0.012916 0.502069 0.025322 
						0.542291 0.045091 0.525911 0.055845 0.673361 0.068077 0.695509 0.080803 0.691240 0.043910 0.699154 0.066835 0.300942 0.842748 0.300394 0.859157 0.260370 0.855371 0.295948 0.877766 0.341804 0.398362 0.344674 0.421603 0.323125 0.408606 0.671250 0.891300 0.673581 0.868269 0.684801 0.471912 0.664360 0.465642 0.691021 0.448935 0.700433 0.447757 0.728682 0.446441 0.705544 0.474584 0.462528 0.468632 0.710275 0.328607 0.712003 0.288718 0.730745 0.299832 0.675550 0.329308 0.677505 0.487230 0.671217 0.501899 0.743662 0.270591 0.706125 0.496788 0.766794 0.261179 0.396793 0.342621 0.439659 0.305833 0.414419 0.306897 0.604652 0.176809 0.254393 0.760366 0.264464 0.787558 0.219540 0.776237 0.523122 0.230762 0.555636 0.215152 0.248416 0.796750 0.507867 0.323275 0.509203 0.369507 0.263313 0.807442 0.491884 0.095770 0.915933 0.348905 0.942848 0.356174 0.510669 0.413095 0.476711 0.448170 0.935957 0.377953 0.496809 0.395158 0.413122 0.245380 0.397206 0.242728 0.427308 0.223726 0.592519 0.323159 0.578525 0.307449 0.574584 0.324725 0.065357 0.511793 0.124093 0.148413 0.522755 0.672594 0.194184 0.642307 0.250977 0.625430 0.267516 0.649582 0.232533 0.635092 
						0.196709 0.685275 0.172429 0.812214 0.155162 0.802531 0.261402 0.603323 0.269983 0.621814 0.838463 0.459232 0.303410 0.539477 0.644104 0.791629 0.149724 0.621681 0.134567 0.591128 0.172092 0.616932 0.195952 0.611072 0.394729 0.538596 0.401690 0.512938 0.171119 0.605305 0.133003 0.576719 0.175589 0.587954 0.252616 0.311211 0.228824 0.314345 0.639349 0.965345 0.651921 0.975408 0.597349 0.988579 0.670415 0.942372 0.627549 0.943934 0.629560 0.927704 0.694856 0.561472 0.711276 0.574855 0.286338 0.026440 0.303957 0.028754 0.285892 0.055361 0.171618 0.496271 0.168729 0.462142 0.147435 0.482323 0.412194 0.402525 0.964331 0.481491 0.994395 0.495226 0.540717 0.436049 0.520530 0.440735 0.212393 0.336307 0.605763 0.684789 0.438307 0.086740 0.415366 0.086003 0.611597 0.151872 0.592341 0.149313 0.388650 0.728641 0.440899 0.687578 0.461210 0.646593 0.175906 0.842732 0.158959 0.868335 0.154939 0.824043 0.122375 0.378697 0.139094 0.353218 0.148403 0.321246 0.568002 0.037042 0.516122 0.009170 0.542057 0.017691 0.950373 0.579166 0.932455 0.611982 0.363029 0.428772 0.590833 0.386747 0.594619 0.349119 0.584274 0.368976 0.605618 0.741402 0.628749 0.777723 
						0.608870 0.764030 0.437292 0.590913 0.417089 0.610731 0.446240 0.608448 0.451951 0.623116 0.566139 0.771792 0.537348 0.800886 0.540303 0.814127 0.530409 0.735549 0.172841 0.043625 0.600684 0.277098 0.594759 0.301823 0.642538 0.525686 0.620167 0.264280 0.649925 0.433379 0.674704 0.436950 0.630276 0.464584 0.231474 0.929201 0.258913 0.943844 0.276904 0.479739 0.652278 0.138007 0.686871 0.158445 0.575159 0.122886 0.570851 0.141672 0.552991 0.144917 0.347921 0.219457 0.746321 0.351497 0.758312 0.379163 0.853233 0.563139 0.636092 0.157274 0.411117 0.819955 0.412739 0.806695 0.432983 0.810039 0.698860 0.113277 0.604899 0.704552 0.909379 0.591089 0.893317 0.557190 0.362640 0.320651 0.344295 0.312551 0.891963 0.410622 0.354866 0.298392 0.352746 0.278947 0.335016 0.299720 0.902651 0.361386 0.510716 0.082519 0.380973 0.570588 0.534813 0.086269 0.363314 0.597436 0.245468 0.535292 0.486005 0.798016 0.464878 0.558669 0.534202 0.659199 0.510539 0.645916 0.373681 0.054919 0.317981 0.000121 0.028247 0.000124 0.071506 0.422049 0.048818 0.436202 0.066382 0.404248 0.784343 0.632978 0.748671 0.629301 0.769855 0.618045 0.283946 0.411797 0.798857 0.726125 
						0.898697 0.460759 0.887391 0.449087 0.223223 0.356964 0.919239 0.639497 0.423106 0.181933 0.840634 0.038103 0.840647 0.000106 0.868425 0.018542 0.455700 0.796357 0.426436 0.796227 0.860596 0.521191 0.475358 0.546012 0.295880 0.093352 0.309549 0.067394 0.147357 0.500259 0.254919 0.043793 0.276724 0.012556 0.336959 0.901203 0.000098 0.058391 0.265099 0.198859 0.358321 0.099051 0.204754 0.775694 0.740008 0.654849 0.090651 0.410331 0.877985 0.331539 0.859495 0.312789 0.877588 0.302999 0.293222 0.309499 0.836992 0.157269 0.859420 0.341418 0.826511 0.329393 0.178849 0.272596 0.150422 0.253921 0.198716 0.262179 0.812448 0.336863 0.778092 0.557726 0.780702 0.573421 0.776053 0.587875 0.532171 0.591563 0.310309 0.711400 0.283031 0.713060 0.245997 0.396604 0.222289 0.389831 0.249432 0.690766 0.263374 0.718259 0.248644 0.710234 0.227646 0.711733 0.473903 0.633447 0.345281 0.257385 0.563974 0.893057 0.542475 0.889424 0.519487 0.872696 0.632789 0.843568 0.621924 0.863756 0.328692 0.242499 0.347366 0.241491 0.545062 0.575988 0.525409 0.563434 0.174686 0.706156 0.149198 0.700046 0.186227 0.712874 0.500031 0.351635 0.836920 0.271461 0.806821 0.264754 
						0.409493 0.264078 0.190277 0.176978 0.617953 0.752546 0.516345 0.478741 0.489571 0.466144 0.489058 0.934986 0.486107 0.959592 0.388962 0.499132 0.471702 0.965781 0.455285 0.972824 0.384980 0.465647 0.365857 0.458103 0.346174 0.450941 0.423590 0.050660 0.387758 0.032167 0.326558 0.122384 0.641098 0.948946 0.686593 0.291069 0.496440 0.448891 0.718161 0.000123 0.765168 0.001367 0.378865 0.483267 0.334218 0.725264 0.328201 0.744739 0.371487 0.735885 0.690127 0.130486 0.289835 0.610128 0.214791 0.876971 0.410213 0.687512 0.400090 0.686592 0.349212 0.435383 0.304389 0.450993 0.179862 0.199192 0.623516 0.386959 0.636867 0.348320 0.624198 0.364108 0.611545 0.359871 0.643796 0.041466 0.672630 0.090902 0.527849 0.915594 0.515523 0.891477 0.513770 0.936419 0.517465 0.908428 0.352156 0.928177 0.350967 0.957958 0.334818 0.941078 0.334770 0.915646 0.424474 0.918840 0.336395 0.787685 0.465069 0.857597 0.480199 0.871382 0.795159 0.483776 0.979548 0.415466 0.997718 0.406466 0.994637 0.462468 0.977839 0.467171 0.370282 0.116387 0.343410 0.121033 0.244398 0.368620 0.530745 0.002068 0.882525 0.511038 0.764979 0.599048 0.189420 0.823290 0.696960 0.779754 
						0.676132 0.808194 0.625666 0.910369 0.613254 0.890983 0.773523 0.522260 0.900853 0.521693 0.457832 0.597042 0.084588 0.089545 0.457124 0.630406 0.258662 0.255945 0.490877 0.374711 0.481304 0.974834 0.621544 0.623221 0.299117 0.467823 0.706690 0.081534 0.700869 0.030410 0.721387 0.099837 0.829355 0.455776 0.058094 0.379588 0.671318 0.678806 0.259199 0.214625 0.834467 0.259759 0.642768 0.892502 0.750172 0.022060 0.786955 0.038468 0.502453 0.887518 0.466576 0.624276 0.405657 0.329399 0.455986 0.303375 0.275946 0.847289 0.725918 0.636152 0.698729 0.631134 0.397490 0.967743 0.233484 0.610542 0.000098 0.446503 0.890314 0.344218 0.893631 0.325073 0.249185 0.874654 0.230256 0.869280 0.850445 0.260225 0.682022 0.037705 0.210364 0.758121 0.199818 0.745727 0.756105 0.347022 0.494812 0.641545 0.670417 0.389711 0.632856 0.279340 0.302152 0.937311 0.321542 0.931373 0.169167 0.134619 0.440622 0.620532 0.648457 0.319911 0.637830 0.337975 0.255755 0.123604 0.161903 0.284953 0.783008 0.504120 0.282906 0.635406 0.316661 0.376525 0.991536 0.512411 0.585738 0.465333 0.799564 0.697237 0.168047 0.227219 0.307177 0.000098 0.836833 0.685837 0.346673 0.874330 
						0.851439 0.364231 0.307683 0.403871 0.739603 0.743641 0.371492 0.269791 0.336031 0.887083 0.364720 0.684629 0.051693 0.521988 0.682593 0.199977 0.164318 0.104442 0.433303 0.144819 0.488368 0.886247 0.336029 0.263535 0.170764 0.635081 0.380989 0.628469 0.184525 0.290661 0.836046 0.129843 0.108521 0.559526 0.220452 0.740457 0.091620 0.429136 0.135028 0.385115 0.771179 0.504191 0.544840 0.789093 0.433303 0.625922 0.970538 0.539645 0.686247 0.760488 0.606439 0.633457 0.263413 0.682392 0.363029 0.428772 
					</float_array>
					<technique_common>
						<accessor count="1116" offset="0" source="#meshId0-tex0-array" stride="2">
							<param name="S" type="float" />
							<param name="T" type="float" />
						</accessor>
					</technique_common>
				</source>
				<vertices id="meshId0-vertices">
					<input semantic="POSITION" source="#meshId0-positions" />
				</vertices>
				<polylist count="1844" material="defaultMaterial">
					<input offset="0" semantic="VERTEX" source="#meshId0-vertices" />
					<input offset="0" semantic="NORMAL" source="#meshId0-normals" />
					<input offset="0" semantic="TANGENT" source="#meshId0-tangents" />
					<input offset="0" semantic="BINORMAL" source="#meshId0-bitangents" />
					<input offset="0" semantic="TEXCOORD" source="#meshId0-tex0" set="0" />
					<vcount>
						3 3 3 3 3 3 3 3 3 3 3 3 3 3 3 3 3 3 3 3 3 3 3 3 3 3 3 3 3 3 3 3 3 3 3 3 3 3 3 3 3 3 3 3 3 3 3 3 3 3 3 3 3 3 3 3 3 3 3 3 3 3 3 3 
						3 3 3 3 3 3 3 3 3 3 3 3 3 3 3 3 3 3 3 3 3 3 3 3 3 3 3 3 3 3 3 3 3 3 3 3 3 3 3 3 3 3 3 3 3 3 3 3 3 3 3 3 3 3 3 3 3 3 3 3 3 3 3 3 
						3 3 3 3 3 3 3 3 3 3 3 3 3 3 3 3 3 3 3 3 3 3 3 3 3 3 3 3 3 3 3 3 3 3 3 3 3 3 3 3 3 3 3 3 3 3 3 3 3 3 3 3 3 3 3 3 3 3 3 3 3 3 3 3 
						3 3 3 3 3 3 3 3 3 3 3 3 3 3 3 3 3 3 3 3 3 3 3 3 3 3 3 3 3 3 3 3 3 3 3 3 3 3 3 3 3 3 3 3 3 3 3 3 3 3 3 3 3 3 3 3 3 3 3 3 3 3 3 3 
						3 3 3 3 3 3 3 3 3 3 3 3 3 3 3 3 3 3 3 3 3 3 3 3 3 3 3 3 3 3 3 3 3 3 3 3 3 3 3 3 3 3 3 3 3 3 3 3 3 3 3 3 3 3 3 3 3 3 3 3 3 3 3 3 
						3 3 3 3 3 3 3 3 3 3 3 3 3 3 3 3 3 3 3 3 3 3 3 3 3 3 3 3 3 3 3 3 3 3 3 3 3 3 3 3 3 3 3 3 3 3 3 3 3 3 3 3 3 3 3 3 3 3 3 3 3 3 3 3 
						3 3 3 3 3 3 3 3 3 3 3 3 3 3 3 3 3 3 3 3 3 3 3 3 3 3 3 3 3 3 3 3 3 3 3 3 3 3 3 3 3 3 3 3 3 3 3 3 3 3 3 3 3 3 3 3 3 3 3 3 3 3 3 3 
						3 3 3 3 3 3 3 3 3 3 3 3 3 3 3 3 3 3 3 3 3 3 3 3 3 3 3 3 3 3 3 3 3 3 3 3 3 3 3 3 3 3 3 3 3 3 3 3 3 3 3 3 3 3 3 3 3 3 3 3 3 3 3 3 
						3 3 3 3 3 3 3 3 3 3 3 3 3 3 3 3 3 3 3 3 3 3 3 3 3 3 3 3 3 3 3 3 3 3 3 3 3 3 3 3 3 3 3 3 3 3 3 3 3 3 3 3 3 3 3 3 3 3 3 3 3 3 3 3 
						3 3 3 3 3 3 3 3 3 3 3 3 3 3 3 3 3 3 3 3 3 3 3 3 3 3 3 3 3 3 3 3 3 3 3 3 3 3 3 3 3 3 3 3 3 3 3 3 3 3 3 3 3 3 3 3 3 3 3 3 3 3 3 3 
						3 3 3 3 3 3 3 3 3 3 3 3 3 3 3 3 3 3 3 3 3 3 3 3 3 3 3 3 3 3 3 3 3 3 3 3 3 3 3 3 3 3 3 3 3 3 3 3 3 3 3 3 3 3 3 3 3 3 3 3 3 3 3 3 
						3 3 3 3 3 3 3 3 3 3 3 3 3 3 3 3 3 3 3 3 3 3 3 3 3 3 3 3 3 3 3 3 3 3 3 3 3 3 3 3 3 3 3 3 3 3 3 3 3 3 3 3 3 3 3 3 3 3 3 3 3 3 3 3 
						3 3 3 3 3 3 3 3 3 3 3 3 3 3 3 3 3 3 3 3 3 3 3 3 3 3 3 3 3 3 3 3 3 3 3 3 3 3 3 3 3 3 3 3 3 3 3 3 3 3 3 3 3 3 3 3 3 3 3 3 3 3 3 3 
						3 3 3 3 3 3 3 3 3 3 3 3 3 3 3 3 3 3 3 3 3 3 3 3 3 3 3 3 3 3 3 3 3 3 3 3 3 3 3 3 3 3 3 3 3 3 3 3 3 3 3 3 3 3 3 3 3 3 3 3 3 3 3 3 
						3 3 3 3 3 3 3 3 3 3 3 3 3 3 3 3 3 3 3 3 3 3 3 3 3 3 3 3 3 3 3 3 3 3 3 3 3 3 3 3 3 3 3 3 3 3 3 3 3 3 3 3 3 3 3 3 3 3 3 3 3 3 3 3 
						3 3 3 3 3 3 3 3 3 3 3 3 3 3 3 3 3 3 3 3 3 3 3 3 3 3 3 3 3 3 3 3 3 3 3 3 3 3 3 3 3 3 3 3 3 3 3 3 3 3 3 3 3 3 3 3 3 3 3 3 3 3 3 3 
						3 3 3 3 3 3 3 3 3 3 3 3 3 3 3 3 3 3 3 3 3 3 3 3 3 3 3 3 3 3 3 3 3 3 3 3 3 3 3 3 3 3 3 3 3 3 3 3 3 3 3 3 3 3 3 3 3 3 3 3 3 3 3 3 
						3 3 3 3 3 3 3 3 3 3 3 3 3 3 3 3 3 3 3 3 3 3 3 3 3 3 3 3 3 3 3 3 3 3 3 3 3 3 3 3 3 3 3 3 3 3 3 3 3 3 3 3 3 3 3 3 3 3 3 3 3 3 3 3 
						3 3 3 3 3 3 3 3 3 3 3 3 3 3 3 3 3 3 3 3 3 3 3 3 3 3 3 3 3 3 3 3 3 3 3 3 3 3 3 3 3 3 3 3 3 3 3 3 3 3 3 3 3 3 3 3 3 3 3 3 3 3 3 3 
						3 3 3 3 3 3 3 3 3 3 3 3 3 3 3 3 3 3 3 3 3 3 3 3 3 3 3 3 3 3 3 3 3 3 3 3 3 3 3 3 3 3 3 3 3 3 3 3 3 3 3 3 3 3 3 3 3 3 3 3 3 3 3 3 
						3 3 3 3 3 3 3 3 3 3 3 3 3 3 3 3 3 3 3 3 3 3 3 3 3 3 3 3 3 3 3 3 3 3 3 3 3 3 3 3 3 3 3 3 3 3 3 3 3 3 3 3 3 3 3 3 3 3 3 3 3 3 3 3 
						3 3 3 3 3 3 3 3 3 3 3 3 3 3 3 3 3 3 3 3 3 3 3 3 3 3 3 3 3 3 3 3 3 3 3 3 3 3 3 3 3 3 3 3 3 3 3 3 3 3 3 3 3 3 3 3 3 3 3 3 3 3 3 3 
						3 3 3 3 3 3 3 3 3 3 3 3 3 3 3 3 3 3 3 3 3 3 3 3 3 3 3 3 3 3 3 3 3 3 3 3 3 3 3 3 3 3 3 3 3 3 3 3 3 3 3 3 3 3 3 3 3 3 3 3 3 3 3 3 
						3 3 3 3 3 3 3 3 3 3 3 3 3 3 3 3 3 3 3 3 3 3 3 3 3 3 3 3 3 3 3 3 3 3 3 3 3 3 3 3 3 3 3 3 3 3 3 3 3 3 3 3 3 3 3 3 3 3 3 3 3 3 3 3 
						3 3 3 3 3 3 3 3 3 3 3 3 3 3 3 3 3 3 3 3 3 3 3 3 3 3 3 3 3 3 3 3 3 3 3 3 3 3 3 3 3 3 3 3 3 3 3 3 3 3 3 3 3 3 3 3 3 3 3 3 3 3 3 3 
						3 3 3 3 3 3 3 3 3 3 3 3 3 3 3 3 3 3 3 3 3 3 3 3 3 3 3 3 3 3 3 3 3 3 3 3 3 3 3 3 3 3 3 3 3 3 3 3 3 3 3 3 3 3 3 3 3 3 3 3 3 3 3 3 
						3 3 3 3 3 3 3 3 3 3 3 3 3 3 3 3 3 3 3 3 3 3 3 3 3 3 3 3 3 3 3 3 3 3 3 3 3 3 3 3 3 3 3 3 3 3 3 3 3 3 3 3 3 3 3 3 3 3 3 3 3 3 3 3 
						3 3 3 3 3 3 3 3 3 3 3 3 3 3 3 3 3 3 3 3 3 3 3 3 3 3 3 3 3 3 3 3 3 3 3 3 3 3 3 3 3 3 3 3 3 3 3 3 3 3 3 3 3 3 3 3 3 3 3 3 3 3 3 3 
						3 3 3 3 3 3 3 3 3 3 3 3 3 3 3 3 3 3 3 3 3 3 3 3 3 3 3 3 3 3 3 3 3 3 3 3 3 3 3 3 3 3 3 3 3 3 3 3 3 3 3 3 
					</vcount>
					<p>
						0 1 2 3 4 5 6 3 5 6 5 4 7 8 9 10 11 12 13 14 15 16 17 18 19 20 21 22 23 24 25 26 27 28 29 30 31 32 33 34 35 36 37 38 39 40 41 42 43 44 45 46 47 48 49 50 51 52 53 54 55 56 57 58 59 60 61 62 63 64 65 66 67 68 69 1 70 71 72 73 74 75 76 77 78 79 80 81 82 83 84 85 86 87 88 89 90 91 92 93 94 95 96 97 98 99 36 100 101 102 103 104 105 106 107 108 109 110 111 112 113 114 115 116 117 118 119 120 121 122 123 124 79 125 80 126 127 128 123 129 130 54 53 131 132 133 134 135 136 38 58 137 59 138 139 140 141 142 143 144 145 146 147 148 149 150 151 152 153 154 155 156 75 157 158 159 160 161 162 163 164 165 166 167 168 121 169 10 170 64 171 172 
						173 174 175 176 177 178 179 180 181 182 6 183 184 185 186 7 187 8 188 189 190 189 191 192 193 194 195 196 197 198 179 199 180 51 200 201 202 203 204 205 206 207 202 204 208 209 210 211 212 213 214 215 216 217 48 218 219 187 27 220 221 222 223 28 224 29 225 226 227 228 229 230 231 232 233 234 235 229 236 237 238 218 239 219 240 241 242 243 244 245 243 245 246 68 247 248 249 250 251 159 252 160 253 254 255 256 257 258 259 260 261 262 263 264 265 266 267 268 259 269 120 270 271 266 269 259 272 258 273 274 257 275 276 277 278 279 280 281 270 282 283 284 282 285 90 92 286 274 287 273 288 289 290 291 292 293 294 295 296 297 288 298 299 20 19 300 301 302 303 52 304 296 297 294 42 305 306 307 308 309 310 311 312 313 311 310 314 72 74 315 95 94 
						316 12 317 318 102 319 107 320 108 321 322 323 324 325 326 327 328 329 317 330 331 332 44 85 333 334 335 334 336 337 338 339 340 341 342 343 344 345 346 347 348 349 350 351 352 353 354 355 356 357 144 197 358 198 359 23 360 198 358 361 362 363 364 170 10 365 366 348 347 42 367 40 368 151 369 63 62 370 371 372 105 373 343 372 374 375 376 374 376 377 378 379 380 381 380 379 382 383 158 384 137 385 386 387 388 389 390 391 392 316 393 317 393 316 394 395 184 184 186 396 394 397 398 399 400 401 402 403 404 405 406 407 408 6 182 409 104 106 410 133 132 411 412 413 414 415 416 417 418 419 420 421 422 423 118 424 425 417 426 177 427 428 429 430 431 432 433 434 435 147 436 437 438 439 440 441 442 85 84 332 443 444 445 446 445 447 339 448 449 30 450 451 
						189 192 190 192 452 453 65 454 455 456 457 458 153 155 459 460 247 461 128 127 13 128 13 15 462 156 157 463 464 465 466 138 140 467 468 469 470 471 472 473 117 472 197 146 145 474 302 475 476 477 116 114 478 424 479 480 481 482 483 484 372 102 101 485 486 372 487 488 77 489 490 491 304 492 161 493 494 304 495 496 497 279 498 26 499 458 500 501 497 496 87 89 502 503 504 505 506 20 507 55 508 56 509 510 511 512 513 514 235 234 515 516 47 46 517 518 519 520 521 150 522 523 218 522 47 516 524 517 519 415 525 526 261 527 528 528 527 374 529 517 525 148 57 149 375 120 271 530 527 261 38 531 532 280 533 534 535 536 537 538 129 539 540 541 542 543 346 544 545 546 547 548 549 550 551 552 553 554 555 556 557 558 559 560 561 562 563 564 565 553 566 567 
						33 32 113 568 569 557 570 571 572 573 574 411 288 575 576 577 382 158 431 430 578 579 580 409 581 582 583 509 584 583 212 214 244 585 0 586 581 587 588 589 217 590 591 181 592 388 593 594 383 159 158 249 251 595 481 596 597 597 596 598 599 445 446 175 600 601 385 247 460 385 248 247 602 478 537 602 118 423 577 603 137 603 469 137 604 605 606 77 606 607 224 608 393 608 392 393 35 609 468 610 35 34 418 416 611 520 150 152 418 611 419 551 612 552 276 278 613 454 613 455 614 509 511 615 614 529 616 617 618 484 483 619 616 618 620 194 616 195 621 622 623 171 624 625 592 181 180 626 180 627 628 208 312 629 231 630 206 309 631 632 633 634 506 507 635 427 636 438 386 388 263 637 263 638 639 640 641 82 61 63 389 642 643 644 585 645 271 646 375 283 123 122 
						202 208 628 311 313 647 648 649 112 650 651 80 652 653 461 156 462 654 655 656 426 657 425 426 654 461 156 461 658 659 660 661 662 211 632 634 663 664 665 666 667 668 195 616 620 322 669 670 433 432 422 424 671 114 672 657 673 656 445 673 258 274 273 258 257 274 376 674 675 646 271 674 676 112 111 275 287 274 555 554 677 678 613 457 222 679 680 680 65 64 367 42 464 464 42 681 356 348 366 682 683 684 272 273 685 3 686 687 161 163 688 689 690 691 692 460 461 691 693 694 662 661 630 233 695 236 696 697 698 633 699 634 273 700 701 273 702 700 703 704 705 284 228 230 706 707 142 708 709 706 560 546 545 376 675 377 710 711 712 650 80 713 714 715 716 424 714 716 717 474 718 196 717 718 719 720 721 722 723 724 679 65 680 454 65 725 726 727 728 729 726 72 
						730 720 719 480 731 481 490 732 488 488 487 728 730 719 733 723 69 724 488 732 734 604 488 605 476 602 735 736 46 737 453 190 192 738 190 400 739 740 741 82 63 83 742 743 399 400 399 743 81 83 514 740 744 741 695 233 232 745 227 746 151 514 747 151 512 514 207 166 748 54 749 750 751 752 664 725 65 679 54 750 753 753 493 304 751 664 663 8 187 220 751 663 754 477 219 667 755 756 757 284 757 282 758 403 402 227 759 760 112 761 648 676 761 112 395 762 184 601 600 763 353 355 764 765 766 767 764 355 768 769 770 363 326 325 333 20 327 329 771 319 331 765 772 766 293 384 291 577 773 382 449 774 379 379 317 381 21 344 19 356 775 348 776 777 778 779 354 353 780 64 623 680 64 781 64 172 623 621 623 625 782 783 784 779 784 354 785 87 502 503 786 391 
						726 729 727 787 788 789 790 788 787 300 791 792 793 480 479 794 216 793 795 796 797 794 793 479 372 101 798 799 798 800 477 117 116 666 222 801 249 802 250 803 139 138 445 444 673 444 672 673 59 137 469 626 627 610 501 499 500 804 500 805 806 391 786 806 389 391 542 541 543 807 175 174 808 809 647 306 810 811 334 670 336 324 323 325 18 555 531 531 555 677 668 679 222 666 668 222 655 812 17 813 406 814 86 341 104 372 371 373 815 816 817 641 815 639 82 639 61 350 352 125 818 819 643 643 819 820 698 697 821 822 823 704 140 824 825 264 268 262 338 28 339 473 472 826 827 279 26 760 828 829 424 118 714 714 118 715 521 519 150 519 711 710 541 830 543 349 831 832 625 833 621 834 835 836 346 345 837 838 839 438 420 429 421 420 422 432 840 177 428 176 178 544 
						420 432 841 440 442 432 600 599 763 600 840 428 400 453 401 190 453 400 759 842 843 226 759 227 138 160 252 802 138 250 453 842 401 226 842 759 482 844 217 731 480 484 397 396 398 845 403 758 846 847 483 482 848 483 79 350 125 849 79 850 449 379 378 44 851 85 141 143 852 853 191 189 197 718 474 718 197 196 854 811 855 308 856 309 270 283 271 271 283 857 74 73 858 155 154 859 860 468 609 610 49 860 861 189 188 306 305 810 862 863 864 657 672 425 852 143 189 861 852 189 142 707 865 866 807 542 35 140 867 140 35 868 129 538 130 536 869 870 871 303 304 871 690 689 536 872 873 32 874 113 54 131 875 205 876 307 10 12 316 622 316 877 878 307 876 878 465 307 10 316 879 365 10 879 319 102 381 880 381 486 465 306 307 681 42 306 215 217 480 217 844 480 
						631 309 633 633 309 699 881 436 147 438 506 635 436 635 435 635 436 881 210 632 211 207 206 631 278 624 882 66 171 64 599 446 763 883 763 884 885 3 6 6 886 885 287 275 887 888 889 890 891 892 893 585 586 645 45 332 894 45 44 332 643 820 389 895 644 645 559 558 547 505 786 503 896 159 383 688 163 897 502 898 806 786 502 806 825 899 36 140 825 867 168 119 121 900 209 284 901 902 903 662 630 901 904 864 905 904 881 147 577 158 603 603 906 469 613 907 455 882 66 907 243 908 244 796 909 797 798 101 910 910 126 128 246 795 797 245 911 246 242 241 912 246 911 795 913 650 713 519 518 711 914 887 275 257 914 275 266 915 267 374 377 915 3 916 4 3 687 916 374 266 528 266 374 915 917 63 370 744 63 741 586 0 918 0 2 918 63 917 741 574 739 741 
						98 97 1 919 888 890 573 739 574 565 564 571 465 878 463 920 921 922 33 113 923 558 557 924 925 926 921 77 607 921 594 927 928 593 929 594 926 77 921 75 77 930 596 931 598 931 49 51 615 509 614 615 584 509 598 931 932 933 932 201 410 132 934 935 936 556 180 891 200 51 50 200 180 200 50 627 180 50 937 409 938 409 86 104 939 940 941 411 413 942 446 447 943 814 406 405 857 283 122 122 124 944 20 945 946 507 20 947 249 595 162 304 494 492 299 327 20 144 146 299 656 657 426 673 657 656 948 949 327 948 327 299 721 724 719 724 733 719 299 146 948 197 474 146 950 31 549 951 122 944 351 640 352 778 353 776 155 859 156 461 653 156 952 953 678 276 953 277 544 600 175 544 840 600 954 364 955 365 622 621 543 544 175 866 175 807 412 362 956 364 956 362 
						236 695 237 745 746 957 621 833 834 834 365 621 612 563 565 152 151 368 311 628 312 311 647 628 607 606 958 959 734 24 757 235 755 757 284 230 605 734 959 488 734 605 756 755 960 755 235 960 99 100 591 961 263 388 235 515 960 960 515 737 786 785 502 505 785 786 962 830 541 540 349 541 854 306 811 306 854 307 348 831 349 775 831 348 774 393 317 379 774 317 577 137 384 773 577 384 602 476 116 602 116 118 500 963 964 500 458 963 478 423 424 478 602 423 965 966 108 589 482 217 222 680 223 967 680 781 587 581 108 968 969 108 221 970 971 221 971 972 149 862 864 415 529 525 628 647 202 973 974 202 694 292 692 293 292 694 350 79 849 782 777 783 692 461 659 691 694 692 46 476 735 46 48 476 896 251 159 251 252 159 380 381 343 342 380 343 975 261 260 530 261 975 
						976 787 791 787 616 791 792 791 194 791 616 194 864 147 149 904 147 864 790 787 976 791 300 976 486 381 102 486 102 372 729 977 727 300 790 976 630 231 233 630 233 901 500 964 805 978 751 805 963 454 964 963 458 454 490 489 732 734 732 489 457 456 495 531 677 532 72 726 73 73 726 728 691 690 693 979 980 294 76 487 77 73 728 487 967 608 224 970 981 971 982 983 935 555 18 982 981 28 971 972 971 28 419 982 984 18 984 982 262 268 269 265 263 262 555 935 556 982 935 555 243 797 909 797 243 246 71 70 216 213 241 214 443 428 437 428 443 600 985 853 143 143 853 189 317 331 381 319 381 331 141 852 41 42 41 305 765 771 772 771 331 986 305 41 852 305 852 861 772 771 986 772 986 11 352 640 639 987 352 639 813 988 406 989 16 135 471 221 472 472 221 972 
						826 472 972 715 473 990 458 457 613 458 613 454 43 990 338 338 991 43 267 386 263 265 267 263 992 388 594 388 992 961 993 280 279 994 995 996 706 997 684 682 684 997 48 219 477 48 477 476 998 706 142 997 706 40 946 999 1000 20 946 947 561 569 562 549 31 33 1001 93 95 999 1002 1000 1003 1004 1005 1003 1005 1006 607 958 922 921 607 922 107 109 1007 584 581 583 1008 520 152 416 415 526 1009 55 57 1010 55 1009 385 137 1011 385 1011 248 56 508 1007 584 1007 109 615 56 584 56 1007 584 702 273 287 702 287 887 494 249 492 1012 1013 1014 1012 1014 1015 121 530 975 89 898 502 408 886 6 1016 121 1017 167 121 1016 89 1018 898 429 431 421 622 877 623 780 623 392 696 823 1019 822 1019 823 603 158 1020 158 160 1020 932 933 598 933 201 1021 868 466 140 467 466 868 909 908 243 598 933 1021 
						501 500 804 27 26 804 1022 62 61 639 815 61 26 501 804 26 498 501 323 670 334 323 322 670 356 366 1023 1024 357 356 949 328 327 949 474 475 59 469 49 59 49 931 193 1025 194 949 1026 328 60 59 931 1027 58 60 798 910 800 256 258 272 1027 60 931 931 596 1027 1028 466 467 160 138 466 865 985 142 143 142 985 603 1020 906 906 1020 1028 133 835 1029 624 833 625 396 186 1030 943 814 1031 1032 505 504 593 504 929 612 565 552 567 566 570 387 1032 504 377 550 1032 936 940 939 567 570 572 9 8 746 957 746 1033 123 283 282 757 756 282 399 225 742 225 399 226 270 120 119 285 282 270 108 966 968 1001 95 966 656 813 445 445 813 814 966 95 1034 95 315 1034 468 467 868 468 868 35 443 437 444 437 439 444 867 825 36 35 867 36 585 98 0 98 1 0 492 162 161 249 162 492 
						92 1035 217 216 92 217 1036 449 378 1036 338 340 286 92 70 70 92 216 297 1037 1038 1039 1037 297 298 1039 297 384 293 1040 1041 919 890 1042 70 1 377 1032 387 1043 377 387 999 93 1001 334 337 335 321 323 324 1025 193 328 359 360 1044 959 359 1044 328 1026 1025 1045 1025 1026 153 459 722 720 847 721 475 1045 1026 475 1026 949 314 154 153 847 153 721 290 1046 1047 294 980 1046 507 1048 435 507 435 635 691 52 303 692 659 691 1000 1002 107 507 947 1048 689 691 303 689 303 871 842 845 843 453 845 842 413 412 956 1049 835 133 538 539 537 1050 737 46 134 133 1029 624 1029 833 278 134 624 1029 624 134 234 1051 515 515 736 737 539 1050 537 537 735 602 682 997 367 367 997 40 1050 46 735 537 1050 735 333 325 334 325 323 334 27 804 805 751 27 805 526 521 520 1008 526 520 426 417 812 655 426 812 
						512 710 1052 710 512 151 201 891 893 891 201 200 290 1047 575 288 290 575 289 1046 290 1046 295 294 918 2 1053 918 1053 586 230 235 757 235 230 229 2 1054 1053 1054 71 216 1035 590 217 581 588 1055 319 354 318 1056 319 771 581 1055 582 112 649 110 664 752 679 679 665 664 582 1004 583 649 1057 110 202 974 203 738 811 810 85 342 341 341 86 85 851 1036 378 85 851 342 346 837 176 346 176 544 342 378 380 342 851 378 1058 1059 749 1059 920 922 111 110 889 888 111 889 925 921 920 131 1058 875 586 892 891 1053 892 586 250 252 251 250 138 252 713 711 518 713 80 711 1058 749 875 749 54 875 80 712 711 1060 712 80 670 669 336 94 620 315 1061 82 712 125 352 987 401 842 226 399 401 226 1060 1061 712 80 125 1060 227 9 746 227 760 9 1060 125 1061 125 987 1061 882 624 171 66 882 171 
						765 1056 771 1056 765 767 625 623 172 171 625 172 285 270 900 284 285 900 948 474 949 146 474 948 1044 360 1062 958 606 1044 683 708 1063 1063 708 706 741 1064 574 412 1065 362 733 596 481 481 731 733 715 990 43 715 43 716 318 354 784 784 783 127 103 127 101 102 318 103 156 859 75 1066 76 75 318 784 127 103 318 127 859 1066 75 859 154 858 101 127 126 101 126 910 1014 803 1015 803 138 802 162 595 163 163 595 897 446 943 1067 763 446 884 897 896 383 980 1047 1046 347 349 540 706 709 707 595 896 897 896 595 251 587 969 588 108 969 587 209 211 284 703 822 704 118 473 715 118 117 473 823 821 704 661 629 630 109 108 581 584 109 581 793 215 480 216 215 793 1068 72 314 729 72 1068 789 617 616 787 789 616 397 184 396 394 184 397 453 452 845 845 452 1069 1070 1005 1004 1005 1071 1006 
						395 394 1072 1072 394 398 727 977 491 727 491 490 814 1073 1031 402 1074 1075 1069 404 403 1069 403 845 52 659 53 52 691 659 255 919 1041 255 254 919 21 20 506 345 839 838 678 953 276 613 678 276 139 824 140 1076 260 259 508 107 1007 435 1048 1010 548 950 549 675 674 548 271 857 674 950 548 674 1077 389 820 1077 390 389 464 681 465 306 465 681 901 233 236 236 238 901 810 861 188 810 305 861 137 58 1011 58 1027 1078 738 188 190 810 188 738 769 817 770 169 766 1079 870 869 114 870 114 113 769 815 817 61 815 1022 671 115 114 671 1080 88 523 239 218 745 239 523 113 115 88 115 671 88 1033 746 8 219 754 663 155 652 67 652 68 67 1033 754 219 957 1033 219 361 356 1023 198 361 1023 829 27 187 7 829 187 996 402 994 996 829 402 214 241 240 244 214 245 280 534 281 281 498 279 
						803 1081 139 121 975 1017 281 1082 498 498 497 501 560 562 546 546 559 547 562 559 546 562 569 568 68 1027 596 68 596 733 552 566 553 552 570 566 9 760 7 7 760 829 1076 268 264 259 268 1076 1061 987 82 987 639 82 927 1077 928 895 645 1083 594 928 1084 594 1084 992 479 481 597 796 795 1085 1083 199 179 1083 179 1086 439 672 444 904 425 672 614 1087 517 529 614 517 80 651 78 78 850 79 609 35 610 609 610 860 14 761 676 651 850 78 967 223 680 223 967 981 462 926 925 1088 462 925 981 224 28 981 967 224 157 926 462 157 75 930 740 151 747 369 151 740 1021 201 893 892 1021 893 876 205 748 207 748 205 329 328 945 329 945 20 510 1003 1006 509 583 510 54 753 304 304 52 54 510 583 1003 583 1004 1003 424 716 1080 1080 671 424 105 798 799 372 798 105 1080 716 1089 716 43 45 
						96 98 585 644 1090 585 130 536 873 1091 123 130 806 898 642 806 642 389 614 511 1092 913 713 1092 1087 518 517 1092 1087 614 906 1028 467 906 467 469 1087 1092 518 1092 713 518 15 14 676 128 15 676 1036 340 449 340 339 449 1093 135 16 16 18 531 483 847 720 720 619 483 490 728 727 728 490 488 296 295 288 297 296 288 761 14 1094 1094 648 761 989 37 406 37 407 406 135 1093 136 531 1093 16 752 725 679 964 454 725 531 38 136 531 136 1093 978 805 964 752 964 725 813 655 17 813 656 655 978 752 751 752 978 964 18 812 984 17 812 18 763 883 601 173 175 601 129 737 539 539 737 1050 191 1095 192 173 601 883 565 571 570 552 565 570 404 1069 1074 402 404 1074 46 736 516 736 515 1051 462 1088 654 461 654 658 645 586 891 180 645 891 377 675 550 675 548 550 1083 645 199 180 199 645 
						940 411 941 573 411 940 972 28 338 990 972 338 652 247 68 247 652 461 606 959 1044 605 959 606 460 291 385 291 384 385 536 870 872 873 872 874 830 346 543 831 346 832 872 870 874 874 870 113 535 869 536 478 535 537 932 931 51 201 932 51 535 478 869 869 478 114 829 996 279 993 279 996 627 49 610 627 50 49 829 279 827 827 26 25 829 827 25 829 25 27 99 591 592 610 34 626 448 774 449 451 393 774 57 615 149 57 56 615 362 1065 370 363 362 370 149 529 862 149 615 529 1064 1065 412 370 1065 1064 317 12 330 11 330 12 1064 917 370 741 917 1064 359 24 23 959 24 359 525 517 524 525 521 526 734 489 22 734 22 24 503 391 390 504 503 929 291 460 292 460 692 292 846 483 848 620 618 315 760 758 828 759 758 760 302 301 1025 301 300 792 1025 792 194 301 792 1025 
						259 261 528 259 528 266 331 330 986 986 330 11 205 307 206 206 307 309 210 631 632 631 633 632 902 901 238 234 522 1051 442 441 430 1096 578 430 84 894 332 430 441 1096 1097 168 167 209 165 210 477 667 666 666 801 477 665 679 668 665 668 663 1048 1000 107 1098 1048 107 117 470 472 801 471 470 117 477 801 117 801 470 863 415 414 905 864 863 471 222 221 801 222 471 425 414 417 905 863 414 667 663 668 663 667 219 425 904 905 425 905 414 469 860 49 469 468 860 278 882 907 613 278 907 1099 873 32 873 874 32 495 456 496 499 456 458 1099 32 31 950 1099 31 176 837 177 177 636 427 155 156 653 155 653 652 69 68 733 724 69 733 1012 1015 249 249 494 1012 982 419 983 983 419 611 723 67 69 155 67 459 815 641 816 641 640 816 384 1040 773 576 298 288 776 353 1100 1100 353 764 
						358 357 1024 358 197 145 698 821 823 823 696 698 958 1062 922 958 1044 1062 781 64 780 781 608 967 600 443 599 443 445 599 608 781 780 608 780 392 446 1067 884 184 762 185 30 29 450 450 393 451 450 29 393 393 29 224 221 223 970 970 223 981 44 43 991 44 1036 851 737 129 960 960 129 123 123 282 756 756 960 123 249 1015 802 1015 803 802 1091 130 873 123 1091 124 834 1101 365 1101 170 365 124 1091 873 944 124 873 181 1086 179 1086 181 591 944 1099 951 873 1099 944 927 1102 1077 503 1102 927 533 457 495 533 495 1082 1102 390 1077 1102 503 390 782 779 353 779 782 784 21 345 344 21 839 345 402 829 828 758 402 828 866 543 175 542 543 866 637 1076 264 263 637 264 717 300 302 474 717 302 74 858 154 154 314 74 611 1008 152 611 152 368 923 113 87 87 113 88 969 968 1034 966 1034 968 
						320 965 108 999 1001 320 1103 924 557 569 1103 557 1002 320 107 1002 999 320 65 455 66 455 907 66 965 1001 966 320 1001 965 996 995 993 37 39 407 442 430 429 432 442 841 1104 14 13 783 13 127 962 832 830 830 832 346 373 341 343 104 341 373 508 1098 107 1010 1048 1098 1010 1098 508 1010 508 55 104 373 371 105 104 371 209 900 168 209 168 1097 984 417 419 417 984 812 840 178 177 544 178 840 131 925 920 658 925 131 375 646 376 646 674 376 920 1059 1058 131 920 1058 1009 57 148 1009 435 1010 654 1088 658 1088 925 658 148 147 435 435 1009 148 658 131 53 659 658 53 165 1097 167 209 1097 165 369 739 573 369 740 739 494 1013 1012 493 1013 494 879 316 622 622 365 879 1105 574 1064 411 574 1105 782 778 777 353 778 782 1105 1064 412 411 1105 412 297 1038 294 1038 979 294 141 998 142 706 998 40 
						693 690 688 871 688 690 40 998 141 40 141 41 846 314 847 314 153 847 62 769 363 62 363 370 76 73 487 1066 73 76 1022 815 769 1022 769 62 858 73 1066 858 1066 859 1106 888 919 1106 111 888 953 132 277 952 132 953 818 254 253 643 1107 818 77 604 606 604 77 488 1107 254 818 685 273 701 96 585 1090 819 818 253 387 593 388 387 504 593 1042 286 70 1042 90 286 942 939 941 941 411 942 71 1054 2 1 71 2 183 4 916 6 4 183 482 484 844 480 844 484 731 730 733 730 619 720 145 357 358 357 145 144 929 503 927 929 927 594 44 991 1036 991 338 1036 414 418 417 414 416 418 836 835 1049 364 954 956 81 712 82 710 712 1052 510 1006 913 913 1006 650 429 841 442 420 841 429 662 901 903 660 662 903 871 161 688 871 304 161 210 165 164 166 207 164 210 207 631 164 207 210 
						339 30 451 28 30 339 813 17 988 17 16 989 339 451 448 448 451 774 881 904 439 439 904 672 937 86 409 937 84 86 438 881 439 635 881 438 68 1108 1027 1108 1078 1027 169 1079 11 169 11 10 1078 1011 58 1011 1078 248 538 536 130 536 538 537 1108 248 1078 248 1108 68 795 242 912 795 912 1085 1020 160 1028 1028 160 466 795 911 242 240 242 911 1109 838 177 1109 345 838 1005 1070 1071 1006 1071 650 650 1071 1070 650 1070 651 511 913 1092 511 510 913 934 132 952 556 936 939 775 19 831 144 299 19 48 47 218 522 218 47 513 81 514 1052 712 81 1033 8 754 8 751 754 1052 513 512 1052 81 513 8 220 751 220 27 751 519 710 150 150 710 151 943 447 814 445 814 447 1089 45 894 1089 716 45 405 407 1110 405 1110 814 900 119 168 900 270 119 402 1075 994 1110 1073 814 506 438 839 839 21 506 
						120 375 530 120 530 121 495 497 1082 1082 497 498 530 375 527 527 375 374 534 1082 281 534 533 1082 831 19 344 831 344 346 139 1111 824 1081 1111 139 132 134 277 277 134 278 308 854 855 854 308 307 100 36 899 638 263 961 308 855 856 313 808 647 1112 366 347 1112 1023 366 386 1043 387 915 377 1043 525 524 521 524 519 521 915 1043 386 267 915 386 1024 356 361 358 1024 361 838 438 636 177 838 636 135 38 37 989 135 37 427 438 437 428 427 437 356 144 775 19 775 144 766 772 1079 1079 772 11 843 758 759 843 845 758 1035 91 1113 92 91 1035 355 354 1056 354 319 1056 862 529 415 863 862 415 177 837 1109 345 1109 837 1045 302 1025 302 1045 475 674 951 950 951 1099 950 501 496 499 496 456 499 623 877 392 877 316 392 674 857 951 857 122 951 486 485 880 343 485 372 684 1063 706 683 1063 684 
						343 381 880 485 343 880 1114 554 556 556 939 1114 930 77 926 930 926 157 99 592 626 180 626 592 34 36 99 34 99 626 295 1046 289 295 289 288 214 240 245 245 240 911 562 568 559 568 557 559 885 686 3 106 579 409 459 67 723 722 459 723 721 722 724 153 722 721 106 799 579 799 106 105 777 1104 783 13 783 1104 835 834 833 1029 835 833 767 355 1056 766 355 767 239 957 219 745 957 239 484 619 731 731 619 730 349 832 962 349 962 541 988 989 406 17 989 988 947 1000 1048 946 1000 947 744 514 83 83 63 744 1115 972 990 473 826 990 736 1051 516 1051 522 516 744 747 514 740 747 744 265 262 269 266 265 269 416 526 1008 611 416 1008 
					</p>
				</polylist>
			</mesh>
		</geometry>
	</library_geometries>
	<library_visual_scenes>
		<visual_scene id="RootNode" name="RootNode">
			<node id="Group43048" name="Group43048">
				<matrix>1.000000 0.000000 0.000000 0.000000 0.000000 1.000000 0.000000 0.000000 0.000000 0.000000 1.000000 0.000000 0.000000 0.000000 0.000000 1.000000</matrix>
				<instance_geometry url="#meshId0">
					<bind_material>
						<technique_common>
							<instance_material symbol="defaultMaterial" target="#DefaultMaterial" />
						</technique_common>
					</bind_material>
				</instance_geometry>
			</node>
		</visual_scene>
	</library_visual_scenes>
	<scene>
		<instance_visual_scene url="#RootNode" />
	</scene>
</COLLADA>
